drugbank_id	pdb_id
DB00114	PLP
DB00116	1YJ
DB00116	THG
DB00117	DHI
DB00117	HIS
DB00118	SAM
DB00119	PYR
DB00120	DPN
DB00120	PHE
DB00121	BTN
DB00121	BTQ
DB00122	CHT
DB00123	DLY
DB00123	LYS
DB00125	ARG
DB00125	DAR
DB00125	GND
DB00126	ASC
DB00126	ISD
DB00127	SPK
DB00127	SPM
DB00127	SPW
DB00128	ASP
DB00128	DAS
DB00128	IAS
DB00129	ORD
DB00129	ORN
DB00130	DGN
DB00130	GLN
DB00131	A
DB00131	A5O
DB00131	AMP
DB00131	AP7
DB00132	LNL
DB00133	DSN
DB00133	SER
DB00134	MED
DB00134	MET
DB00135	DTY
DB00135	TYR
DB00136	3EV
DB00136	VDX
DB00137	LUT
DB00139	SIN
DB00140	RBF
DB00141	MN9
DB00142	DGL
DB00142	FGA
DB00142	GGL
DB00142	GLU
DB00143	GSH
DB00145	GLY
DB00146	VDY
DB00147	PXL
DB00148	CRN
DB00149	DLE
DB00149	LEU
DB00150	DTR
DB00150	TRP
DB00151	CYS
DB00151	DCY
DB00152	VIB
DB00153	D2V
DB00154	LAX
DB00155	CIR
DB00156	2TL
DB00156	ALO
DB00156	DTH
DB00156	THR
DB00157	NAI
DB00158	FOL
DB00159	EPA
DB00160	ALA
DB00160	DAL
DB00161	DVA
DB00161	VAL
DB00162	RTL
DB00163	VIT
DB00163	VIV
DB00165	UEG
DB00166	LPA
DB00166	LPB
DB00167	28J
DB00167	DIL
DB00167	IIL
DB00167	ILE
DB00168	PME
DB00169	VD3
DB00170	VK3
DB00171	ATP
DB00172	DPR
DB00172	PRO
DB00173	ADE
DB00174	ASN
DB00174	DSG
DB00176	FVX
DB00179	30Z
DB00181	2C0
DB00182	1WE
DB00182	FRD
DB00184	NCT
DB00188	BO2
DB00190	142
DB00190	D3O
DB00190	DOD
DB00190	HOH
DB00190	O
DB00190	OH
DB00194	ADN
DB00194	RAB
DB00194	XYA
DB00196	TPF
DB00197	TDZ
DB00199	ERY
DB00200	3CO
DB00200	D3O
DB00200	DOD
DB00200	HOH
DB00200	O
DB00200	OH
DB00201	CFF
DB00202	SCK
DB00203	VIA
DB00205	CP6
DB00207	ZIT
DB00208	TIC
DB00212	REM
DB00218	MFX
DB00220	1UN
DB00224	MK1
DB00225	D3O
DB00225	DOD
DB00225	GD3
DB00225	HOH
DB00225	O
DB00225	OH
DB00227	803
DB00233	BHA
DB00235	MIL
DB00238	NVP
DB00242	CL9
DB00249	ID2
DB00254	DXT
DB00255	DES
DB00257	CL6
DB00258	ACT
DB00258	ACY
DB00258	CA
DB00259	SAN
DB00260	4AX
DB00273	TOR
DB00274	4KO
DB00276	ASW
DB00277	TEP
DB00278	15U
DB00278	MIT
DB00279	T3
DB00280	DP0
DB00281	LQZ
DB00282	210
DB00284	ACR
DB00284	QPS
DB00286	NA
DB00291	CBL
DB00293	D16
DB00295	MOI
DB00299	PE2
DB00300	TFO
DB00302	AMH
DB00307	9RA
DB00310	KLT
DB00311	EZL
DB00312	RAV
DB00313	2PP
DB00316	TYL
DB00317	IRE
DB00319	WPP
DB00320	2GM
DB00321	TP0
DB00323	TCW
DB00326	CA
DB00328	IMN
DB00332	BR
DB00332	X8M
DB00335	2TN
DB00336	NFZ
DB00339	PZA
DB00350	MXD
DB00352	DX4
DB00356	CLW
DB00360	BHS
DB00360	H4B
DB00364	AL
DB00364	D3O
DB00364	DOD
DB00364	HOH
DB00364	O
DB00364	OH
DB00367	NOG
DB00368	LNR
DB00369	CFV
DB00369	L8P
DB00373	TIM
DB00375	PAW
DB00379	505
DB00380	CDX
DB00381	06X
DB00382	THA
DB00384	DX2
DB00390	DGX
DB00396	STR
DB00397	NPU
DB00398	BAX
DB00399	ZOL
DB00402	ZPC
DB00404	08H
DB00406	CVI
DB00410	MRC
DB00411	CCE
DB00411	CL
DB00412	BRL
DB00412	RGZ
DB00415	AIC
DB00415	PN1
DB00416	CU9
DB00416	IOD
DB00417	PNV
DB00419	NBV
DB00420	P2Z
DB00421	SNL
DB00424	OIN
DB00428	STZ
DB00429	TRS
DB00433	P77
DB00440	TOP
DB00440	TRR
DB00441	GEO
DB00443	DEX
DB00444	9TP
DB00445	DM2
DB00445	DM6
DB00446	CLM
DB00446	LCL
DB00451	T44
DB00452	NMY
DB00456	CLS
DB00457	XRA
DB00458	IXX
DB00461	NBO
DB00462	3C0
DB00462	BR
DB00465	KTR
DB00466	RI5
DB00468	QDN
DB00468	QI9
DB00470	TCI
DB00471	MTK
DB00472	RFX
DB00472	SFX
DB00476	29E
DB00477	Z80
DB00478	RIM
DB00479	AKN
DB00480	LVY
DB00481	RAL
DB00482	CEL
DB00483	GMN
DB00483	IOD
DB00491	MIG
DB00493	CE3
DB00495	AZZ
DB00500	TLT
DB00503	RIT
DB00507	NTI
DB00509	T44
DB00513	ACA
DB00515	CL
DB00515	PT4
DB00516	D3O
DB00516	DOD
DB00516	HOH
DB00516	O
DB00516	OH
DB00517	BR
DB00523	9CR
DB00523	REA
DB00526	OXD
DB00526	OXL
DB00526	PT4
DB00529	PPF
DB00530	AQ4
DB00534	CL
DB00536	GAI
DB00537	CPF
DB00538	GD3
DB00540	21B
DB00544	URF
DB00548	AZ1
DB00550	3CJ
DB00551	HAE
DB00552	DCF
DB00553	8MO
DB00558	ZMR
DB00560	T1C
DB00563	MT1
DB00563	MTX
DB00565	BNS
DB00569	NA
DB00569	NTO
DB00570	VLB
DB00571	SNP
DB00572	OIN
DB00573	PFN
DB00575	CLU
DB00577	TXC
DB00579	29Q
DB00580	COX
DB00581	W9T
DB00582	VOR
DB00583	152
DB00583	DCK
DB00586	DIF
DB00592	PZE
DB00594	AMR
DB00595	OTC
DB00597	DO3
DB00597	GD3
DB00599	EDP
DB00601	ZLD
DB00602	IVM
DB00605	SUZ
DB00606	CYZ
DB00607	NFN
DB00608	0TX
DB00608	CLQ
DB00613	CQA
DB00615	RBT
DB00619	STI
DB00624	FFA
DB00624	TES
DB00625	EFZ
DB00627	NIO
DB00630	AHD
DB00631	CFB
DB00640	ADN
DB00640	RAB
DB00640	XYA
DB00642	LYA
DB00650	FFO
DB00650	FON
DB00650	FOZ
DB00651	X0T
DB00653	MG
DB00653	SO4
DB00655	J3Z
DB00658	AYE
DB00667	2HP
DB00667	HSM
DB00667	PI
DB00667	PO4
DB00668	ALE
DB00668	XDE
DB00671	C04
DB00674	GNT
DB00675	CTX
DB00675	TAX
DB00676	BZM
DB00679	LZU
DB00679	RTZ
DB00682	RWF
DB00682	SWF
DB00683	08J
DB00684	TOY
DB00685	TR6
DB00687	ZK5
DB00690	FL7
DB00694	DM1
DB00695	FUN
DB00696	ERM
DB00701	478
DB00703	MZM
DB00705	SPP
DB00709	3TC
DB00710	BFQ
DB00712	FLP
DB00712	FLR
DB00715	8PR
DB00717	NDR
DB00722	LPR
DB00725	BR
DB00727	TNG
DB00730	TMG
DB00738	PNT
DB00741	HCY
DB00742	MTL
DB00742	SOR
DB00742	TLZ
DB00742	X9X
DB00743	GD3
DB00752	GJZ
DB00752	TPA
DB00753	ICF
DB00755	9CR
DB00755	REA
DB00756	H3P
DB00758	CGE
DB00759	TAC
DB00760	MEM
DB00761	CL
DB00761	K
DB00762	CP0
DB00763	MMZ
DB00766	J01
DB00770	XPG
DB00773	EVP
DB00774	HFZ
DB00775	AGG
DB00778	ROX
DB00779	NIX
DB00783	EST
DB00784	ID8
DB00786	097
DB00787	AC2
DB00788	NPS
DB00788	NPX
DB00789	GD3
DB00795	SAS
DB00806	PNX
DB00808	BL1
DB00811	RBV
DB00812	P1Z
DB00814	MXM
DB00815	NA
DB00815	SDS
DB00818	PFL
DB00819	AZM
DB00820	CIA
DB00821	0LA
DB00828	FCN
DB00828	FV1
DB00829	DZP
DB00831	TFP
DB00834	486
DB00841	Y00
DB00843	E20
DB00847	DHL
DB00859	LE1
DB00859	LEI
DB00861	1FL
DB00862	VDN
DB00864	FK5
DB00866	JTZ
DB00869	ETS
DB00877	RAP
DB00879	ETV
DB00884	RIS
DB00889	CWB
DB00891	SFY
DB00895	DLY
DB00895	LYS
DB00898	EOH
DB00900	2DI
DB00903	EAA
DB00905	15M
DB00907	CCA
DB00907	COC
DB00908	QDN
DB00908	QI9
DB00909	ZON
DB00915	308
DB00916	2MN
DB00917	P2E
DB00919	SCM
DB00928	5AE
DB00936	SAL
DB00939	JMS
DB00945	AIN
DB00947	FVS
DB00951	NIZ
DB00958	ND4
DB00958	NH3
DB00958	NH4
DB00958	PT
DB00963	27R
DB00966	TLS
DB00974	EDT
DB00976	TEL
DB00982	9CR
DB00982	REA
DB00985	2PM
DB00987	AR3
DB00987	CTN
DB00988	LDP
DB00990	EXM
DB00994	NMY
DB00995	3EP
DB00995	AU
DB00995	TS8
DB00996	GBN
DB00997	DM2
DB00997	DM6
DB00999	HCZ
DB01001	68H
DB01004	GA2
DB01005	NHY
DB01010	EDR
DB01011	MYT
DB01015	08D
DB01017	MIY
DB01021	TRU
DB01022	PQN
DB01023	225
DB01024	MOA
DB01025	ANW
DB01026	KKK
DB01026	KLN
DB01026	KTN
DB01030	TTC
DB01033	PM6
DB01034	1X9
DB01041	EF2
DB01043	377
DB01045	RFP
DB01048	1KX
DB01049	03S
DB01050	IBP
DB01050	IZP
DB01051	NOV
DB01053	PNN
DB01058	PZQ
DB01064	5FW
DB01065	ML1
DB01072	DR7
DB01075	2PM
DB01076	117
DB01077	911
DB01082	SRY
DB01085	9PL
DB01087	1PQ
DB01092	OBN
DB01093	DMS
DB01096	OAQ
DB01099	1LD
DB01103	QUN
DB01104	SRE
DB01110	X89
DB01112	KOV
DB01113	EV1
DB01117	AOQ
DB01119	20J
DB01123	PRL
DB01127	ECL
DB01127	ECN
DB01128	0U9
DB01128	198
DB01129	RZX
DB01132	P1B
DB01136	CVD
DB01137	LFX
DB01137	XED
DB01142	5EH
DB01142	D7V
DB01144	I7A
DB01147	CXN
DB01151	DSM
DB01157	TMQ
DB01159	HLT
DB01160	TRS
DB01162	TZN
DB01164	CA
DB01164	CL
DB01165	LFX
DB01165	XED
DB01167	1YN
DB01172	KAN
DB01177	DM5
DB01179	POD
DB01189	DSF
DB01190	CLY
DB01194	BZ1
DB01197	MCO
DB01197	X8Z
DB01198	ZPC
DB01199	TC9
DB01199	TUB
DB01200	08Y
DB01201	RPT
DB01204	MIX
DB01211	CTY
DB01213	4PZ
DB01216	FIT
DB01221	RKE
DB01223	EDN
DB01223	TEP
DB01229	TA1
DB01232	ROC
DB01234	DEX
DB01235	DAH
DB01242	CXX
DB01244	BEP
DB01245	DME
DB01248	TXL
DB01254	1N1
DB01256	G34
DB01259	FMM
DB01261	715
DB01263	X2N
DB01264	017
DB01265	LLT
DB01265	THM
DB01268	B49
DB01273	QMR
DB01275	HLZ
DB01283	LUR
DB01294	D3O
DB01294	DOD
DB01294	HOH
DB01294	O
DB01294	OH
DB01294	SAL
DB01296	1GN
DB01296	GCS
DB01296	PA1
DB01303	CHT
DB01326	SMX
DB01331	CFX
DB01336	CU9
DB01346	QDN
DB01346	QI9
DB01356	LI
DB01361	TAO
DB01367	RSA
DB01375	D3O
DB01375	DOD
DB01375	GLY
DB01375	HOH
DB01375	O
DB01375	OH
DB01378	MG
DB01390	BCT
DB01390	CO3
DB01390	NA
DB01393	PEM
DB01394	LOC
DB01397	MG
DB01397	SAL
DB01398	NA
DB01398	SAL
DB01401	CHT
DB01401	MG
DB01401	SAL
DB01409	0HK
DB01412	37T
DB01421	PAR
DB01422	HNQ
DB01454	B41
DB01477	BR
DB01482	CL
DB01486	NPU
DB01494	BET
DB01515	BCG
DB01524	B81
DB01530	AOM
DB01530	AON
DB01536	ASD
DB01561	5SD
DB01561	ANO
DB01576	1WE
DB01576	FRD
DB01577	B40
DB01583	NA
DB01583	T3
DB01583	T44
DB01586	IU5
DB01586	JN3
DB01591	SIN
DB01597	CIL
DB01601	AB1
DB01603	MII
DB01606	TAZ
DB01614	PMZ
DB01627	3QB
DB01628	5CH
DB01629	5UD
DB01630	I52
DB01631	NON
DB01632	PRP
DB01634	PAQ
DB01635	2MT
DB01636	FE2
DB01637	ARC
DB01638	MTL
DB01638	SOR
DB01638	TLZ
DB01638	X9X
DB01639	MPL
DB01640	666
DB01641	5ZA
DB01642	AMG
DB01642	GYP
DB01642	MBG
DB01642	MGL
DB01642	MMA
DB01643	0DT
DB01643	DT
DB01643	TMP
DB01644	HXP
DB01645	GEN
DB01646	AME
DB01647	5RM
DB01648	GTM
DB01648	MA3
DB01649	GTA
DB01650	2HC
DB01651	CDG
DB01652	BCA
DB01655	6PG
DB01655	LG6
DB01656	ROF
DB01657	TYT
DB01658	N1T
DB01659	PYA
DB01660	AGS
DB01661	PRT
DB01662	OAC
DB01663	DRB
DB01663	LRB
DB01663	RFA
DB01663	RFB
DB01664	SHI
DB01665	270
DB01666	IHS
DB01667	AZG
DB01668	NOM
DB01669	VIR
DB01670	4PA
DB01671	31Q
DB01671	BE7
DB01671	D3O
DB01671	DOD
DB01671	HGB
DB01671	HOH
DB01671	MBO
DB01671	O
DB01671	OH
DB01672	DBH
DB01673	UMA
DB01675	2MC
DB01676	TNL
DB01677	FUM
DB01677	MAE
DB01678	687
DB01679	P23
DB01681	BHC
DB01682	M6T
DB01684	SGL
DB01685	FYX
DB01686	DA2
DB01687	B2G
DB01687	CBI
DB01687	CBK
DB01687	LAT
DB01687	LBT
DB01687	MAB
DB01687	MAL
DB01687	N9S
DB01688	PCR
DB01689	I84
DB01690	BA3
DB01691	IDN
DB01692	DTT
DB01692	DTU
DB01692	DTV
DB01693	RVP
DB01694	SRT
DB01694	TAR
DB01694	TLA
DB01695	4PB
DB01696	8HX
DB01696	URC
DB01697	38J
DB01697	B4G
DB01697	CT3
DB01697	CTR
DB01697	DXI
DB01697	MLR
DB01698	RUT
DB01699	GEG
DB01700	AMZ
DB01701	CP2
DB01702	DHY
DB01703	067
DB01703	498
DB01703	670
DB01703	84A
DB01703	B1R
DB01703	B6F
DB01703	RUI
DB01704	SN1
DB01707	LAP
DB01708	AND
DB01709	2PG
DB01710	FDD
DB01711	PFB
DB01712	SUB
DB01713	UAD
DB01713	UDX
DB01714	MLZ
DB01715	DNN
DB01716	CNP
DB01717	AP5
DB01718	16A
DB01719	0TS
DB01719	TM5
DB01720	PH7
DB01721	XN2
DB01722	PYJ
DB01723	AP1
DB01724	THO
DB01726	2AF
DB01727	ICT
DB01728	PEF
DB01729	I2P
DB01729	I3P
DB01729	I3S
DB01731	WSK
DB01732	AH1
DB01733	0V5
DB01733	PEQ
DB01734	761
DB01735	C22
DB01735	C2N
DB01736	LDM
DB01737	ANH
DB01739	28J
DB01739	DIL
DB01739	IIL
DB01739	ILE
DB01741	693
DB01742	1P3
DB01744	CAM
DB01745	FD2
DB01746	DLE
DB01746	LEU
DB01747	CPO
DB01747	FE
DB01748	BSB
DB01749	DXE
DB01750	NLA
DB01751	T4A
DB01752	SAH
DB01754	LI6
DB01755	ILA
DB01756	DER
DB01756	DEZ
DB01758	IYR
DB01759	KOJ
DB01760	IPZ
DB01761	084
DB01762	AAE
DB01763	TAP
DB01764	DOL
DB01765	IQA
DB01766	NA8
DB01766	NAL
DB01767	BAI
DB01768	MUS
DB01770	AZE
DB01771	991
DB01772	DFN
DB01773	UR2
DB01774	ADQ
DB01775	2HA
DB01776	CRS
DB01779	G2H
DB01780	FSC
DB01782	537
DB01783	PAU
DB01784	FBS
DB01785	DMA
DB01786	ALA
DB01786	DAL
DB01788	ICP
DB01789	ADH
DB01790	RP1
DB01790	SP1
DB01791	PIL
DB01792	APU
DB01793	679
DB01794	MG
DB01794	MSS
DB01794	MTE
DB01794	PTT
DB01794	XAX
DB01795	PBC
DB01796	NTM
DB01797	CR5
DB01798	P22
DB01799	EIP
DB01800	CSN
DB01802	7A8
DB01803	ETM
DB01804	A3B
DB01804	LVG
DB01805	MIS
DB01806	AKA
DB01807	L10
DB01809	PP1
DB01810	186
DB01812	A3P
DB01813	PDG
DB01813	PGU
DB01813	PPE
DB01814	LIL
DB01815	LLY
DB01816	CTS
DB01817	AEI
DB01818	SGA
DB01819	PEP
DB01820	989
DB01821	DP1
DB01822	D1D
DB01822	DTD
DB01823	GLS
DB01824	3NH
DB01825	MAQ
DB01826	NBN
DB01827	BEK
DB01828	NME
DB01829	DCA
DB01830	CC1
DB01831	TYM
DB01832	HBU
DB01833	GGB
DB01834	GPR
DB01834	GPS
DB01835	I58
DB01836	ZEN
DB01837	OAS
DB01838	FL8
DB01839	PGO
DB01839	PGR
DB01840	D6P
DB01841	GLD
DB01842	PAP
DB01843	GL2
DB01844	DMF
DB01845	N4B
DB01846	CAO
DB01847	CDV
DB01849	DUC
DB01850	1ZN
DB01850	MFD
DB01851	TBA
DB01852	KMP
DB01853	CL0
DB01853	CL7
DB01853	CLA
DB01854	BRT
DB01855	BG4
DB01856	PML
DB01857	PHD
DB01858	FSP
DB01859	SUD
DB01860	3AT
DB01861	GDU
DB01861	UFM
DB01861	UPG
DB01862	IPT
DB01863	4IP
DB01864	GSP
DB01865	AYM
DB01866	256
DB01870	MA1
DB01870	SSG
DB01871	T10
DB01872	ASG
DB01872	NGK
DB01873	EPD
DB01874	TNE
DB01877	SPC
DB01878	BZQ
DB01879	TAV
DB01880	DHC
DB01881	MQD
DB01882	M2C
DB01883	SD2
DB01884	A3M
DB01885	149
DB01885	LGC
DB01887	568
DB01888	CT9
DB01889	ATE
DB01890	CPQ
DB01892	HYF
DB01893	NBS
DB01894	SIA
DB01894	SLB
DB01895	AMO
DB01896	APB
DB01897	O16
DB01898	LME
DB01898	MEG
DB01899	HIP
DB01900	MBN
DB01901	SCR
DB01902	NEN
DB01903	BRU
DB01904	RB0
DB01904	XYL
DB01905	123
DB01906	A45
DB01908	493
DB01909	ACX
DB01910	SFG
DB01911	MMP
DB01913	SQU
DB01914	AOS
DB01914	DNO
DB01914	GLO
DB01915	CSO
DB01917	PUT
DB01918	MTD
DB01919	PTL
DB01920	145
DB01921	LOX
DB01922	LAG
DB01923	LX1
DB01924	BHO
DB01925	BP3
DB01926	CM1
DB01927	DQN
DB01928	HUP
DB01930	PAF
DB01931	DK1
DB01933	UCN
DB01935	RRT
DB01936	32O
DB01936	AHR
DB01936	BDR
DB01936	BXX
DB01936	BXY
DB01936	FUB
DB01936	RIB
DB01936	XYZ
DB01936	Z6J
DB01937	2GP
DB01938	HBN
DB01939	ABI
DB01940	BD2
DB01941	LG2
DB01942	FMT
DB01944	BIT
DB01946	BI8
DB01947	262
DB01948	358
DB01949	BUM
DB01950	TMU
DB01951	GPI
DB01953	L12
DB01954	ROL
DB01955	BU1
DB01956	TAU
DB01957	3CH
DB01958	TQ5
DB01959	7DE
DB01960	M7G
DB01961	C3P
DB01961	C6B
DB01962	PTR
DB01963	PBA
DB01964	AL2
DB01965	DUP
DB01966	3PE
DB01966	PEE
DB01966	PEH
DB01967	WAC
DB01968	TEE
DB01969	COF
DB01970	HG9
DB01971	URO
DB01972	0G
DB01972	5GP
DB01972	G
DB01972	GAO
DB01972	GMV
DB01973	SEB
DB01974	143
DB01975	ADV
DB01975	RBY
DB01976	ANC
DB01977	675
DB01979	AMG
DB01979	GYP
DB01979	MBG
DB01979	MGL
DB01979	MMA
DB01980	IPO
DB01981	DGS
DB01982	ADA
DB01982	BDP
DB01982	BEM
DB01982	GCU
DB01982	GTR
DB01982	IDR
DB01982	LGU
DB01982	MAV
DB01982	X1X
DB01983	ABH
DB01984	DKT
DB01985	AAG
DB01986	FLM
DB01987	TDP
DB01987	TPP
DB01988	6NP
DB01989	PKF
DB01990	C3S
DB01991	TUX
DB01992	COA
DB01992	COZ
DB01993	PDA
DB01993	PDD
DB01993	PP3
DB01994	PPZ
DB01995	5MC
DB01996	3MP
DB01998	SUM
DB02000	CLT
DB02001	TQ6
DB02002	PYT
DB02003	DOS
DB02003	DRU
DB02003	IME
DB02003	LOS
DB02003	LRU
DB02003	RU
DB02004	5AP
DB02005	OXP
DB02006	CZB
DB02007	A6P
DB02007	BG6
DB02007	BGP
DB02007	G6P
DB02007	M6D
DB02007	M6P
DB02008	FTB
DB02009	L75
DB02010	STU
DB02011	PAO
DB02013	AZI
DB02013	FEA
DB02014	234
DB02015	DHF
DB02016	R71
DB02017	IDC
DB02019	ADL
DB02020	ALR
DB02021	FID
DB02021	FIR
DB02021	FIS
DB02022	HMH
DB02023	8OG
DB02024	HCI
DB02025	ACV
DB02026	MOT
DB02027	DP3
DB02028	IBS
DB02029	CIU
DB02030	RBZ
DB02031	1YJ
DB02031	THG
DB02032	MCO
DB02032	X8Z
DB02033	INU
DB02034	SWA
DB02035	HSF
DB02036	GNR
DB02037	DDP
DB02038	DCS
DB02039	SCY
DB02041	APZ
DB02042	1PG
DB02043	LHG
DB02044	14W
DB02045	AML
DB02046	FLX
DB02047	BFL
DB02048	TZC
DB02049	CBP
DB02051	VS3
DB02052	IXM
DB02053	A5P
DB02053	DX5
DB02053	LXP
DB02054	GAB
DB02055	NBB
DB02056	PG2
DB02057	AMQ
DB02058	SU2
DB02059	APR
DB02059	AR6
DB02060	CYH
DB02061	B2G
DB02061	CBI
DB02061	CBK
DB02061	LAT
DB02061	LBT
DB02061	MAB
DB02061	MAL
DB02061	N9S
DB02062	BIR
DB02065	DEL
DB02067	TGF
DB02068	DAV
DB02069	FSB
DB02070	KYN
DB02071	WAY
DB02072	COL
DB02074	BEO
DB02076	6PG
DB02076	LG6
DB02077	DP9
DB02078	PG5
DB02079	AOA
DB02080	TRT
DB02081	BBA
DB02082	GNP
DB02083	DMG
DB02085	1AC
DB02086	TTO
DB02087	FBU
DB02088	NLP
DB02089	CP4
DB02090	S80
DB02091	CK2
DB02092	CLL
DB02093	PAN
DB02094	CTB
DB02095	ISN
DB02096	FR2
DB02097	AR3
DB02097	CTN
DB02098	A2P
DB02099	RAZ
DB02099	SAZ
DB02100	AMG
DB02100	GYP
DB02100	MBG
DB02100	MGL
DB02100	MMA
DB02101	FID
DB02101	FIR
DB02101	FIS
DB02103	CDY
DB02104	CO4
DB02105	DNC
DB02106	442
DB02108	AEM
DB02109	HDA
DB02110	3ZZ
DB02110	B13
DB02110	GIX
DB02110	HCB
DB02110	MNH
DB02110	MNR
DB02110	PC3
DB02111	GAG
DB02112	806
DB02113	6MP
DB02114	ISO
DB02115	DZN
DB02116	OLO
DB02118	CP8
DB02119	PH2
DB02120	ACI
DB02120	HSD
DB02121	BMD
DB02122	IAP
DB02123	CHO
DB02124	HHA
DB02125	ADO
DB02126	CIN
DB02127	DII
DB02128	P10
DB02129	DOR
DB02130	VNL
DB02131	FXY
DB02132	ZES
DB02133	CL0
DB02133	CL7
DB02133	CLA
DB02134	XAN
DB02135	TS0
DB02135	TS1
DB02136	CEH
DB02137	MSS
DB02137	MTE
DB02137	PTT
DB02137	XAX
DB02138	EBP
DB02139	R04
DB02140	C48
DB02141	4BT
DB02142	PMP
DB02143	IHG
DB02144	PIE
DB02145	1BO
DB02146	ATA
DB02151	MPH
DB02152	KSA
DB02153	CSD
DB02154	BDS
DB02155	B8L
DB02156	SPV
DB02158	MTM
DB02159	PGO
DB02159	PGR
DB02160	CY4
DB02161	HTQ
DB02162	5AS
DB02163	XYD
DB02164	FNS
DB02165	D3O
DB02165	DOD
DB02165	HOH
DB02165	O
DB02165	OH
DB02165	ZN
DB02166	PRM
DB02167	LAL
DB02169	OKA
DB02170	MNX
DB02171	S6P
DB02172	DIG
DB02172	DQQ
DB02173	B13
DB02173	HCB
DB02173	PC3
DB02174	DGN
DB02174	GLN
DB02175	MLA
DB02175	MLI
DB02176	ACT
DB02176	ACY
DB02176	HG
DB02176	MAC
DB02178	HY1
DB02179	OFL
DB02181	DGT
DB02184	DTT
DB02184	DTU
DB02184	DTV
DB02185	HBK
DB02185	HBO
DB02186	NG6
DB02186	NGS
DB02186	NGY
DB02187	EQI
DB02189	DAD
DB02189	DDS
DB02190	OXS
DB02191	IQZ
DB02192	PEL
DB02194	CTZ
DB02195	FPH
DB02196	UD1
DB02196	UD2
DB02197	HDT
DB02198	BXA
DB02200	VS2
DB02201	MLA
DB02201	MLI
DB02202	BU2
DB02202	BU4
DB02203	CNH
DB02205	BRZ
DB02209	PXP
DB02210	HEZ
DB02211	RMA
DB02213	GAA
DB02214	RDL
DB02215	FLE
DB02216	060
DB02216	SMC
DB02217	DPB
DB02218	AC1
DB02218	AF1
DB02219	CXS
DB02220	AL7
DB02220	AL8
DB02221	IOE
DB02222	9PP
DB02224	DH2
DB02224	DQH
DB02225	PC5
DB02226	TZ4
DB02227	GCT
DB02228	2FG
DB02228	G2F
DB02228	GAF
DB02228	MAF
DB02228	MBF
DB02228	SHG
DB02229	MSP
DB02232	CAQ
DB02233	DDO
DB02233	LDO
DB02234	ITU
DB02235	MHO
DB02235	SME
DB02236	GAR
DB02237	4GC
DB02237	CTT
DB02237	MTT
DB02238	KMT
DB02239	SHF
DB02240	QUM
DB02241	CZH
DB02242	CXP
DB02243	MYP
DB02245	7DG
DB02247	KCP
DB02248	BG3
DB02249	ETX
DB02251	OSB
DB02252	PIH
DB02253	3ON
DB02254	FTP
DB02255	GM6
DB02256	DUR
DB02257	BE1
DB02258	254
DB02259	892
DB02260	4OX
DB02261	PFS
DB02262	ORO
DB02263	G3H
DB02264	IDS
DB02264	IDU
DB02264	IDX
DB02265	CEQ
DB02266	FLF
DB02267	AS1
DB02268	ST3
DB02269	IMA
DB02270	DST
DB02271	NHM
DB02271	NHW
DB02273	DHM
DB02274	KAP
DB02275	PBI
DB02276	MLN
DB02277	BMU
DB02278	ROI
DB02279	173
DB02280	RMN
DB02280	SMN
DB02282	MTA
DB02283	171
DB02287	122
DB02287	BMZ
DB02287	CR4
DB02288	334
DB02289	FGL
DB02290	T1P
DB02290	T2P
DB02290	T4P
DB02290	T5P
DB02292	667
DB02293	DPG
DB02293	L3P
DB02294	GTZ
DB02294	NTZ
DB02295	AIK
DB02297	CIG
DB02298	BG5
DB02299	AAR
DB02300	MC9
DB02301	TMF
DB02302	2MR
DB02303	IDH
DB02304	E2P
DB02305	AQA
DB02305	GCD
DB02305	MAW
DB02306	CPL
DB02306	PSC
DB02307	HPI
DB02308	DYB
DB02309	XMP
DB02311	DSS
DB02312	A6P
DB02312	BG6
DB02312	BGP
DB02312	G6P
DB02312	M6D
DB02312	M6P
DB02313	AG7
DB02314	UAG
DB02315	35G
DB02315	PCG
DB02316	669
DB02317	G1P
DB02317	GL1
DB02317	M1P
DB02317	XGP
DB02318	FMF
DB02319	NZQ
DB02320	NBG
DB02321	2WP
DB02321	RHC
DB02322	H1S
DB02323	HYC
DB02324	5IU
DB02326	HMI
DB02327	PGE
DB02328	HEN
DB02329	CBO
DB02331	154
DB02332	FAD
DB02332	FAE
DB02332	FAS
DB02333	DUT
DB02334	3SL
DB02335	ATQ
DB02336	876
DB02337	CBH
DB02338	NDP
DB02339	R19
DB02340	SAC
DB02341	SEI
DB02342	ESM
DB02343	6JZ
DB02343	P3G
DB02344	SIA
DB02344	SLB
DB02345	SEC
DB02346	2OS
DB02347	AT1
DB02348	FPO
DB02349	NHO
DB02350	MM3
DB02352	3IP
DB02353	H3S
DB02354	R11
DB02355	TAT
DB02357	M13
DB02357	MDM
DB02358	L37
DB02359	PU7
DB02360	KTP
DB02361	SCH
DB02362	PAB
DB02363	ATR
DB02364	SDP
DB02365	PHN
DB02367	111
DB02368	OLN
DB02369	3AG
DB02370	MCL
DB02371	NES
DB02372	PYD
DB02373	ADW
DB02373	AMW
DB02373	D3O
DB02373	DOD
DB02373	HOH
DB02373	O
DB02373	OH
DB02373	V5A
DB02374	XIM
DB02375	MYC
DB02376	GOX
DB02376	GTL
DB02378	MMI
DB02379	AFD
DB02379	ALL
DB02379	BGC
DB02379	BMA
DB02379	GAL
DB02379	GIV
DB02379	GL0
DB02379	GLA
DB02379	GLC
DB02379	GUP
DB02379	GXL
DB02379	MAN
DB02379	SHD
DB02381	NNH
DB02382	NCN
DB02383	TOL
DB02384	FHC
DB02385	MPU
DB02385	NEO
DB02385	NEU
DB02386	2WW
DB02386	PLU
DB02387	MTY
DB02388	880
DB02390	DA5
DB02390	DAX
DB02391	GU7
DB02393	FDQ
DB02394	OPG
DB02395	E09
DB02396	ETN
DB02397	TNR
DB02398	239
DB02399	FOC
DB02399	RNT
DB02400	936
DB02401	OXQ
DB02402	MQ1
DB02403	1AN
DB02404	PE7
DB02405	BRC
DB02406	LEA
DB02407	CMG
DB02408	M1C
DB02409	2BN
DB02410	HTL
DB02411	HBH
DB02412	PYE
DB02413	OCY
DB02415	OES
DB02416	RPP
DB02417	TBP
DB02418	BU3
DB02418	BU9
DB02418	BUD
DB02419	E1P
DB02420	LO1
DB02421	GDU
DB02421	UFM
DB02421	UPG
DB02422	SMD
DB02423	PIS
DB02424	GDM
DB02425	CNS
DB02427	COG
DB02428	QNC
DB02429	INV
DB02430	T6P
DB02431	CTP
DB02432	903
DB02433	PAI
DB02434	4TB
DB02435	AMC
DB02436	INZ
DB02438	3MF
DB02440	OCT
DB02441	BDI
DB02445	AGP
DB02445	M6R
DB02446	HGA
DB02447	GL5
DB02448	TDA
DB02450	BYS
DB02452	TTP
DB02453	D3O
DB02453	DOD
DB02453	HOH
DB02453	O
DB02453	OH
DB02453	SB
DB02453	SBO
DB02454	FA2
DB02456	0C
DB02456	C
DB02456	C5P
DB02456	CAR
DB02457	C11
DB02458	GDN
DB02459	GBS
DB02460	COJ
DB02461	CYQ
DB02462	FC1
DB02463	124
DB02464	ABN
DB02465	MAY
DB02466	156
DB02467	MHO
DB02467	SME
DB02469	AGL
DB02469	DAG
DB02470	M7B
DB02470	M7P
DB02471	GTZ
DB02471	NTZ
DB02472	HPR
DB02473	155
DB02474	233
DB02475	PCX
DB02477	MIM
DB02479	SBR
DB02479	SBS
DB02480	BHI
DB02480	SBH
DB02481	BNF
DB02482	D11
DB02482	TPO
DB02482	YTH
DB02484	C2G
DB02485	NCC
DB02486	HED
DB02488	CR0
DB02489	9MG
DB02490	IOM
DB02491	AA2
DB02492	GHA
DB02493	H5P
DB02494	HF2
DB02494	HFA
DB02495	BPG
DB02496	DXP
DB02497	GSE
DB02498	CNA
DB02499	DIR
DB02500	CCV
DB02501	SUG
DB02502	8HG
DB02503	CVB
DB02504	8IN
DB02505	IH4
DB02506	ADD
DB02507	RWF
DB02507	SWF
DB02508	IPR
DB02509	FOH
DB02510	P5A
DB02511	NBQ
DB02512	2FP
DB02512	P6F
DB02512	P6T
DB02513	IPB
DB02514	CP5
DB02515	1GP
DB02515	G3P
DB02515	GP9
DB02516	CCQ
DB02517	DGL
DB02517	FGA
DB02517	GGL
DB02517	GLU
DB02518	AYA
DB02519	INR
DB02520	DCD
DB02521	FLV
DB02522	PPR
DB02523	AAD
DB02525	GOX
DB02525	GTL
DB02526	655
DB02527	CMP
DB02529	G28
DB02530	ABU
DB02531	ALQ
DB02532	TAQ
DB02533	AGU
DB02534	2LP
DB02535	EG2
DB02536	3GR
DB02536	GXV
DB02537	MBQ
DB02538	HDU
DB02539	ITU
DB02540	NHR
DB02540	NHS
DB02541	4HA
DB02542	LEF
DB02544	R79
DB02546	SHH
DB02547	GDR
DB02547	GFB
DB02548	S6P
DB02549	ATY
DB02550	PU1
DB02551	497
DB02552	GPP
DB02553	TS4
DB02554	USQ
DB02555	FRI
DB02556	DPN
DB02556	PHE
DB02558	OIR
DB02559	TQT
DB02560	CLB
DB02560	CLD
DB02561	BDF
DB02561	SOE
DB02562	H2B
DB02563	HXC
DB02566	QUA
DB02567	P17
DB02568	BC3
DB02569	D4D
DB02570	ISA
DB02572	BV4
DB02573	CPA
DB02574	BV2
DB02576	FOP
DB02577	3ZZ
DB02577	GIX
DB02577	MNH
DB02577	MNR
DB02578	REX
DB02579	AKR
DB02580	PG6
DB02581	FRH
DB02582	CDH
DB02583	PRD
DB02585	4BZ
DB02586	DPT
DB02586	REQ
DB02587	FOK
DB02589	ISU
DB02590	ABE
DB02590	PZU
DB02590	TYV
DB02592	CRB
DB02593	113
DB02594	DCZ
DB02594	LDC
DB02595	BLG
DB02595	BUL
DB02596	APC
DB02597	TI1
DB02598	IYG
DB02599	APQ
DB02600	22N
DB02600	G39
DB02601	D4P
DB02601	GHP
DB02602	AL1
DB02603	207
DB02604	0NZ
DB02604	D6G
DB02606	SBT
DB02607	SON
DB02608	CLC
DB02609	4TP
DB02610	FFB
DB02611	B1L
DB02613	DDQ
DB02614	BJI
DB02615	AIJ
DB02615	AIT
DB02616	FR0
DB02617	PFZ
DB02618	NDS
DB02619	BDD
DB02620	964
DB02621	LAR
DB02622	OBA
DB02623	GNH
DB02624	HSL
DB02625	BRR
DB02627	BDB
DB02628	998
DB02629	BED
DB02630	A5P
DB02630	DX5
DB02630	LXP
DB02631	CMU
DB02632	147
DB02632	PNA
DB02632	PNG
DB02632	PNW
DB02633	CBD
DB02635	ILP
DB02636	9AR
DB02637	OAA
DB02639	MUG
DB02640	FUG
DB02641	HPN
DB02642	FOS
DB02643	C15
DB02643	SBY
DB02644	3AR
DB02645	EBG
DB02645	EBQ
DB02646	NOE
DB02647	N5B
DB02648	152
DB02648	DCK
DB02649	MLM
DB02650	CLX
DB02651	P27
DB02652	INF
DB02652	LHY
DB02654	6FA
DB02655	ASP
DB02655	DAS
DB02655	IAS
DB02656	LY2
DB02657	6MN
DB02657	GLP
DB02658	M2F
DB02658	NFG
DB02659	CHD
DB02660	FIL
DB02661	AV2
DB02662	878
DB02663	PPQ
DB02664	BUB
DB02665	GJZ
DB02665	TPA
DB02666	RPD
DB02666	RPL
DB02667	B13
DB02667	HCB
DB02667	PC3
DB02668	JE2
DB02669	TI3
DB02670	G4D
DB02671	1MZ
DB02673	GL8
DB02674	SNR
DB02675	SHP
DB02676	B3P
DB02677	SBD
DB02677	SBL
DB02678	1GN
DB02678	GCS
DB02678	PA1
DB02679	CNN
DB02680	NIN
DB02682	PGS
DB02683	BEJ
DB02684	5CA
DB02685	APD
DB02686	UMQ
DB02688	DHA
DB02690	NU1
DB02691	GCH
DB02692	BHS
DB02692	H4B
DB02693	D1D
DB02693	DTD
DB02694	PAJ
DB02695	OPM
DB02696	UDH
DB02697	HAV
DB02698	BPD
DB02699	OXR
DB02700	GCN
DB02701	NCA
DB02702	XV6
DB02703	FUA
DB02704	BLL
DB02705	303
DB02706	MCI
DB02707	P25
DB02709	STL
DB02710	DBS
DB02711	TS0
DB02711	TS1
DB02712	SBI
DB02713	AAC
DB02714	U3P
DB02714	UA3
DB02715	AIJ
DB02715	AIT
DB02716	MGP
DB02719	CBF
DB02720	GLG
DB02722	GCV
DB02722	GCW
DB02723	BLI
DB02724	FE
DB02725	ACZ
DB02725	TZA
DB02726	PGA
DB02727	BHH
DB02728	YZ9
DB02730	MA2
DB02731	EMT
DB02731	JKE
DB02732	NAE
DB02733	PVB
DB02734	AQA
DB02734	GCD
DB02734	MAW
DB02735	ALS
DB02736	ACM
DB02738	5FA
DB02740	3IB
DB02741	564
DB02742	KIF
DB02743	B2G
DB02743	CBI
DB02743	CBK
DB02743	LAT
DB02743	LBT
DB02743	MAB
DB02743	MAL
DB02743	N9S
DB02744	PR1
DB02745	URI
DB02746	PHT
DB02747	INH
DB02749	PMA
DB02750	CMH
DB02750	CYS
DB02750	DCY
DB02751	NMG
DB02752	TPR
DB02753	SNI
DB02754	PU3
DB02755	P3M
DB02756	PYQ
DB02757	PZO
DB02758	IOP
DB02759	GUM
DB02760	F2P
DB02760	M2P
DB02761	CSS
DB02762	772
DB02763	MNB
DB02764	HEX
DB02765	APS
DB02765	ARP
DB02766	ZFB
DB02767	FTT
DB02768	TBF
DB02770	7RA
DB02771	D12
DB02772	3CK
DB02772	SUC
DB02772	SWE
DB02773	34C
DB02774	PDO
DB02776	HDS
DB02777	PLC
DB02778	AHG
DB02778	AHM
DB02779	CAT
DB02783	IK2
DB02784	FG1
DB02785	3IN
DB02786	FA3
DB02787	MMN
DB02788	HBR
DB02788	HBS
DB02789	PLO
DB02790	UPP
DB02791	P4P
DB02794	138
DB02795	ANN
DB02797	NPB
DB02798	ABM
DB02799	MDC
DB02800	THF
DB02801	FA1
DB02802	FNG
DB02804	A88
DB02805	U3P
DB02805	UA3
DB02806	MXE
DB02807	RSH
DB02807	SSH
DB02808	FFF
DB02809	BDM
DB02810	MHA
DB02811	DEP
DB02812	ABB
DB02813	GDL
DB02814	N3T
DB02815	DEN
DB02816	FDT
DB02817	CAH
DB02818	IWD
DB02819	RMB
DB02820	TDT
DB02821	CAN
DB02822	BRB
DB02823	PAE
DB02824	PLG
DB02825	VXA
DB02826	D10
DB02827	DBD
DB02828	LAF
DB02829	ST6
DB02830	FR9
DB02831	2HP
DB02831	PI
DB02831	PO4
DB02832	SRM
DB02833	CK7
DB02834	ID5
DB02835	B16
DB02835	G16
DB02836	GPX
DB02837	G4S
DB02837	GQ1
DB02838	2PC
DB02839	DOB
DB02840	4BC
DB02841	NBF
DB02842	7AD
DB02843	G1P
DB02843	GL1
DB02843	M1P
DB02843	XGP
DB02844	AAT
DB02845	VXA
DB02846	PRS
DB02847	TSI
DB02848	PFE
DB02849	5PA
DB02851	TCM
DB02852	DOQ
DB02853	DPR
DB02853	PRO
DB02854	AE2
DB02854	AOI
DB02854	AOX
DB02855	074
DB02856	EMB
DB02857	GMP
DB02858	ETP
DB02859	S1A
DB02860	CYU
DB02861	IOF
DB02862	IDD
DB02863	CL0
DB02863	CL7
DB02863	CLA
DB02865	GP4
DB02866	MNS
DB02867	G1P
DB02867	GL1
DB02867	M1P
DB02867	XGP
DB02870	NYL
DB02871	SSB
DB02872	IMZ
DB02873	DQO
DB02875	802
DB02877	TTB
DB02878	PB1
DB02879	PDX
DB02880	BFS
DB02881	178
DB02882	MQ0
DB02883	DOC
DB02884	ALC
DB02884	ZAL
DB02885	IFP
DB02887	D4T
DB02888	001
DB02889	3SA
DB02890	BMP
DB02891	BEA
DB02892	2NP
DB02893	MED
DB02893	MET
DB02894	SMS
DB02895	AJ3
DB02896	MTP
DB02897	UVW
DB02899	CXM
DB02900	A6P
DB02900	BG6
DB02900	BGP
DB02900	G6P
DB02900	M6D
DB02900	M6P
DB02901	BDT
DB02901	DHT
DB02902	PPS
DB02903	BV3
DB02904	BSE
DB02905	P2P
DB02906	CAX
DB02907	EAP
DB02908	787
DB02909	FCD
DB02910	CO8
DB02911	AP6
DB02914	ANR
DB02915	CK4
DB02916	LMS
DB02917	NHB
DB02918	ZAR
DB02919	DTM
DB02920	ZN
DB02921	SCT
DB02922	FAC
DB02923	BPY
DB02924	LEO
DB02927	DPU
DB02928	TYQ
DB02929	K21
DB02930	AGS
DB02932	0U9
DB02932	198
DB02933	MTH
DB02934	DBM
DB02934	TAL
DB02935	M2M
DB02936	6IN
DB02938	SHV
DB02939	1PB
DB02940	TZB
DB02941	IKT
DB02942	ITP
DB02943	ABY
DB02945	ADA
DB02945	BDP
DB02945	BEM
DB02945	GCU
DB02945	GTR
DB02945	IDR
DB02945	LGU
DB02945	MAV
DB02945	X1X
DB02946	CRP
DB02947	2FD
DB02948	FOM
DB02949	HCO
DB02950	HMD
DB02951	3PY
DB02952	AIB
DB02953	BTP
DB02955	RCL
DB02956	FS5
DB02956	PS5
DB02957	OMP
DB02958	MSO
DB02959	HRP
DB02960	MN2
DB02961	RNS
DB02963	CT7
DB02964	GL4
DB02965	PSQ
DB02966	FWD
DB02967	NEQ
DB02968	PG1
DB02969	TZE
DB02970	PRY
DB02971	AVG
DB02973	106
DB02976	U2F
DB02976	UP1
DB02976	UPF
DB02977	TBH
DB02978	HL2
DB02978	HLU
DB02979	NTU
DB02980	T2S
DB02980	THS
DB02981	PY6
DB02982	BOM
DB02984	MSQ
DB02985	8IG
DB02986	TPD
DB02987	YCM
DB02988	ITR
DB02990	THT
DB02991	TFM
DB02992	H4P
DB02993	MOG
DB02994	CAC
DB02994	CAD
DB02995	HAI
DB02996	SLE
DB02998	R18
DB02999	QUS
DB03000	APS
DB03000	ARP
DB03001	PID
DB03002	IOL
DB03003	GTS
DB03004	ACS
DB03005	TZ5
DB03006	ASR
DB03007	OPD
DB03007	WHW
DB03008	B0D
DB03008	GUL
DB03009	B1V
DB03010	EPB
DB03011	ADS
DB03012	CXA
DB03013	CBS
DB03015	PRH
DB03018	34A
DB03019	CK1
DB03020	CND
DB03021	ULA
DB03022	T1P
DB03022	T2P
DB03022	T4P
DB03022	T5P
DB03023	PP2
DB03025	3OL
DB03025	3OM
DB03026	PGH
DB03029	OXE
DB03030	654
DB03031	DSO
DB03032	GTY
DB03033	MSB
DB03034	LFX
DB03034	XED
DB03035	HNA
DB03037	OAL
DB03039	IOA
DB03040	NTA
DB03041	UGA
DB03041	UGB
DB03042	PA5
DB03042	R10
DB03044	B96
DB03045	168
DB03046	UI3
DB03047	EPH
DB03048	UAA
DB03049	CSZ
DB03050	GER
DB03051	TFB
DB03053	MLP
DB03054	MBR
DB03056	4PN
DB03057	MDD
DB03058	SOA
DB03059	CAA
DB03060	LII
DB03061	NMH
DB03062	R64
DB03063	EH5
DB03064	DHP
DB03065	7I2
DB03066	2OP
DB03066	LAC
DB03067	195
DB03068	ZE8
DB03069	CXY
DB03070	SAE
DB03072	FRM
DB03073	3MB
DB03075	PPK
DB03076	NM1
DB03077	LNQ
DB03078	PSN
DB03079	1RB
DB03080	KOS
DB03081	CCR
DB03082	UI1
DB03083	IC1
DB03084	984
DB03085	GOA
DB03086	AO2
DB03087	TZL
DB03088	PCA
DB03089	ASP
DB03089	DAS
DB03089	IAS
DB03091	GMA
DB03091	ZGL
DB03092	HMC
DB03093	PU2
DB03094	175
DB03095	TMA
DB03096	EMR
DB03097	PMH
DB03098	MSF
DB03099	UNC
DB03101	R1P
DB03102	OPA
DB03103	TYD
DB03104	821
DB03105	AA4
DB03106	CBU
DB03106	INS
DB03107	BAL
DB03108	DER
DB03108	DEZ
DB03109	A2G
DB03109	BM3
DB03109	HSQ
DB03109	LXB
DB03109	LXZ
DB03109	NAA
DB03109	NAG
DB03109	NDG
DB03109	NGA
DB03109	NGZ
DB03110	2CH
DB03111	GP1
DB03112	SHM
DB03113	FPE
DB03114	219
DB03115	BBM
DB03116	SKP
DB03117	2CP
DB03118	100
DB03119	LNK
DB03120	TSU
DB03121	I3N
DB03124	161
DB03125	TOP
DB03125	TRR
DB03126	MNT
DB03127	BAM
DB03127	BEN
DB03128	ACH
DB03129	SBP
DB03130	GNB
DB03132	BTS
DB03134	NPI
DB03134	P0A
DB03135	129
DB03136	ESI
DB03137	PUZ
DB03139	BH7
DB03140	4CB
DB03141	BH0
DB03142	32O
DB03142	AHR
DB03142	BDR
DB03142	BXX
DB03142	BXY
DB03142	FUB
DB03142	RIB
DB03142	XYZ
DB03142	Z6J
DB03143	F09
DB03144	HAR
DB03145	TZP
DB03146	PGS
DB03147	FAD
DB03147	FAE
DB03147	FAS
DB03148	A12
DB03148	AP2
DB03150	2DT
DB03151	CUZ
DB03152	BGL
DB03153	PPO
DB03154	FNP
DB03155	UMF
DB03156	ADA
DB03156	BDP
DB03156	BEM
DB03156	GCU
DB03156	GTR
DB03156	IDR
DB03156	LGU
DB03156	MAV
DB03156	X1X
DB03157	DDT
DB03158	2IP
DB03159	696
DB03160	KAM
DB03161	TDX
DB03162	GBD
DB03163	KPC
DB03165	DED
DB03166	ACT
DB03166	ACY
DB03167	PBR
DB03168	NDC
DB03170	COD
DB03171	IPL
DB03172	TBN
DB03173	CR3
DB03174	POA
DB03175	POL
DB03176	IH5
DB03177	5MB
DB03178	SGP
DB03179	SPF
DB03180	150
DB03181	PFA
DB03182	FCX
DB03183	5DE
DB03184	X7O
DB03185	BRD
DB03186	PUA
DB03187	OSS
DB03188	SGC
DB03189	MM6
DB03190	OSU
DB03191	LIS
DB03192	HDC
DB03192	HSC
DB03193	STE
DB03194	MFB
DB03194	MFU
DB03194	RAO
DB03195	FDM
DB03196	KHP
DB03197	HHR
DB03198	TM6
DB03199	ERT
DB03200	7RP
DB03201	CYS
DB03201	DCY
DB03202	TFI
DB03203	SPH
DB03203	SQS
DB03204	NSP
DB03206	DGJ
DB03206	DMJ
DB03206	NOJ
DB03207	BSI
DB03208	GGP
DB03210	AHC
DB03211	CYX
DB03212	DXG
DB03214	A3B
DB03214	LVG
DB03215	SSC
DB03216	ADC
DB03217	I59
DB03218	AZC
DB03219	DRA
DB03220	FR6
DB03221	AL7
DB03221	AL8
DB03222	DTP
DB03224	HFM
DB03226	ETF
DB03227	NMN
DB03228	SN2
DB03229	COI
DB03230	PRX
DB03231	PSB
DB03232	8PP
DB03233	NYM
DB03234	R01
DB03235	15B
DB03235	J15
DB03236	193
DB03237	GLR
DB03238	5AN
DB03239	P28
DB03240	CPW
DB03242	GAT
DB03243	FBA
DB03244	TA4
DB03246	32O
DB03246	AHR
DB03246	BDR
DB03246	BXX
DB03246	BXY
DB03246	FUB
DB03246	RIB
DB03246	XYZ
DB03246	Z6J
DB03247	FMN
DB03248	PEZ
DB03249	T23
DB03250	TH1
DB03251	RWJ
DB03252	DLY
DB03252	LYS
DB03253	P2Y
DB03255	IPH
DB03256	FFO
DB03256	FON
DB03256	FOZ
DB03257	ABW
DB03258	1S0
DB03258	DCP
DB03259	BP6
DB03260	16D
DB03262	INQ
DB03263	TCB
DB03264	DCC
DB03266	PTD
DB03267	TSX
DB03268	197
DB03269	AC1
DB03269	AF1
DB03270	FBT
DB03271	HBI
DB03272	OMN
DB03273	ADY
DB03274	DDU
DB03275	CY3
DB03276	DTF
DB03277	38J
DB03277	B4G
DB03277	CT3
DB03277	CTR
DB03277	DXI
DB03277	MLR
DB03278	3VB
DB03278	DTL
DB03278	MRY
DB03279	LMT
DB03279	LMU
DB03280	T5A
DB03281	DOM
DB03283	FCA
DB03283	FCB
DB03283	FUC
DB03283	FUL
DB03283	G6D
DB03283	RAM
DB03283	RM4
DB03283	XXR
DB03284	GAD
DB03285	HCC
DB03286	CGF
DB03288	288
DB03290	SBD
DB03290	SBL
DB03291	GDA
DB03292	APO
DB03293	MUA
DB03294	SG2
DB03295	TS5
DB03296	SLT
DB03298	HPS
DB03299	NPG
DB03300	MCN
DB03301	LYL
DB03302	PHH
DB03303	RSH
DB03303	SSH
DB03305	ILO
DB03306	300
DB03307	U55
DB03308	LNO
DB03309	NHE
DB03310	GDS
DB03311	FRJ
DB03312	BVD
DB03313	CSC
DB03314	FTR
DB03315	3GP
DB03316	DIO
DB03317	HEC
DB03317	HES
DB03319	CE2
DB03320	2RA
DB03320	DNP
DB03320	DPP
DB03321	4AM
DB03322	SNP
DB03323	B2G
DB03323	CBI
DB03323	CBK
DB03323	LAT
DB03323	LBT
DB03323	MAB
DB03323	MAL
DB03323	N9S
DB03325	YSA
DB03326	CGP
DB03327	IN5
DB03328	H2S
DB03328	MOS
DB03329	PYS
DB03330	GIP
DB03331	NMD
DB03332	AP4
DB03333	SUA
DB03335	1BP
DB03335	EBH
DB03336	BIA
DB03337	GP8
DB03338	B7G
DB03338	KGM
DB03339	IOB
DB03340	AEP
DB03341	CA5
DB03342	ST4
DB03343	TEO
DB03344	5IP
DB03344	5MY
DB03344	I5P
DB03344	IP5
DB03345	BME
DB03346	PCQ
DB03347	TEN
DB03348	HUB
DB03349	8BR
DB03351	LIH
DB03352	CSR
DB03353	IMI
DB03354	OX2
DB03355	TSB
DB03357	RMN
DB03357	SMN
DB03358	MGT
DB03359	NAF
DB03360	N7P
DB03360	N8P
DB03361	HE3
DB03362	MLY
DB03363	A3D
DB03364	CDT
DB03365	DTQ
DB03367	PF3
DB03368	HQQ
DB03369	9AP
DB03370	FR7
DB03372	MHC
DB03374	TYI
DB03376	A5A
DB03379	3PP
DB03380	TYC
DB03383	CHI
DB03384	FXN
DB03386	4FW
DB03387	HIO
DB03388	JPC
DB03389	0MK
DB03389	ARA
DB03389	ARB
DB03389	HSY
DB03389	LDY
DB03389	LXC
DB03389	RIP
DB03389	XYP
DB03389	XYS
DB03390	PT3
DB03392	GL6
DB03393	SFA
DB03396	TDE
DB03397	UD1
DB03397	UD2
DB03399	ENC
DB03400	PPT
DB03401	I2P
DB03401	I3P
DB03401	I3S
DB03402	L1P
DB03403	0C
DB03403	C
DB03403	C5P
DB03403	CAR
DB03405	PCM
DB03406	GTM
DB03406	MA3
DB03407	4NC
DB03408	3GC
DB03409	OIC
DB03411	1AB
DB03411	EDG
DB03411	IMR
DB03412	DDO
DB03412	LDO
DB03413	DUD
DB03414	LKA
DB03415	CS8
DB03416	TMV
DB03416	TPS
DB03417	169
DB03419	URA
DB03420	GNA
DB03421	I06
DB03423	SAI
DB03424	BES
DB03424	EBT
DB03425	SYM
DB03426	DGD
DB03427	ASV
DB03428	SU9
DB03429	CDL
DB03430	DHR
DB03432	BIB
DB03433	33P
DB03434	MPO
DB03435	UDP
DB03436	GA
DB03436	GCR
DB03437	PCN
DB03438	PGM
DB03439	AGL
DB03439	DAG
DB03440	140
DB03441	BIP
DB03442	326
DB03444	BRW
DB03446	AI1
DB03447	UPA
DB03448	UM3
DB03449	ARR
DB03450	CEP
DB03451	KH1
DB03452	SIF
DB03453	FRG
DB03454	MBD
DB03455	MPE
DB03456	NBL
DB03458	SA8
DB03459	PAL
DB03460	XAT
DB03461	NAP
DB03462	TDR
DB03463	PXY
DB03465	2PG
DB03466	184
DB03467	NAR
DB03468	SKF
DB03470	GCG
DB03471	BR4
DB03472	MA4
DB03473	MEQ
DB03474	RR1
DB03475	RA2
DB03476	745
DB03477	S58
DB03478	OAD
DB03479	GL7
DB03480	BRE
DB03481	H4M
DB03482	RFL
DB03483	BGD
DB03484	GPE
DB03485	FCA
DB03485	FCB
DB03485	FUC
DB03485	FUL
DB03485	G6D
DB03485	RAM
DB03485	RM4
DB03485	XXR
DB03486	GP2
DB03487	SNN
DB03488	U2F
DB03488	UP1
DB03488	UPF
DB03489	KDG
DB03490	LIG
DB03491	DGI
DB03492	DOS
DB03492	DRU
DB03492	IME
DB03492	LOS
DB03492	LRU
DB03492	OS
DB03493	MG7
DB03494	133
DB03494	950
DB03495	IAB
DB03496	CPB
DB03498	MMQ
DB03499	LMR
DB03499	MLT
DB03500	F23
DB03501	GDU
DB03501	UFM
DB03501	UPG
DB03503	G20
DB03504	PU8
DB03505	DQU
DB03507	703
DB03508	ME2
DB03509	CNQ
DB03510	IMO
DB03511	ADA
DB03511	BDP
DB03511	BEM
DB03511	GCU
DB03511	GTR
DB03511	IDR
DB03511	LGU
DB03511	MAV
DB03511	X1X
DB03512	D3O
DB03512	DOD
DB03512	HOH
DB03512	O
DB03512	OH
DB03512	UVC
DB03515	EQU
DB03517	MTG
DB03518	MEV
DB03519	NVA
DB03522	ASB
DB03523	BRF
DB03524	J12
DB03525	790
DB03526	AL9
DB03528	ADN
DB03528	RAB
DB03528	XYA
DB03530	CAZ
DB03531	FAB
DB03532	G2P
DB03533	GLL
DB03534	ZAM
DB03535	ZPR
DB03539	ALI
DB03540	NCM
DB03541	CB3
DB03542	I4C
DB03542	I4D
DB03542	IPD
DB03542	LIP
DB03543	0VR
DB03543	137
DB03544	CSP
DB03546	KEU
DB03548	KDO
DB03549	BNI
DB03550	IP1
DB03551	DIH
DB03552	MTY
DB03553	GUA
DB03554	IUR
DB03556	PE5
DB03557	SNA
DB03558	TP4
DB03559	CXF
DB03560	HBA
DB03561	CHX
DB03562	THU
DB03563	C14
DB03564	MPD
DB03564	MRD
DB03565	GEL
DB03566	SPD
DB03567	A2G
DB03567	BM3
DB03567	HSQ
DB03567	LXB
DB03567	LXZ
DB03567	NAA
DB03567	NAG
DB03567	NDG
DB03567	NGA
DB03567	NGZ
DB03568	BUA
DB03569	AQA
DB03569	GCD
DB03569	MAW
DB03570	144
DB03571	45P
DB03572	FR3
DB03573	R99
DB03573	RL2
DB03574	FE
DB03574	GCR
DB03575	1PC
DB03576	2BK
DB03576	2BO
DB03576	TLP
DB03577	2BF
DB03578	PYM
DB03579	DCS
DB03581	G6Q
DB03582	SUO
DB03583	RYU
DB03584	SGC
DB03585	OPB
DB03586	XYF
DB03588	DFA
DB03589	MAK
DB03590	6CL
DB03590	API
DB03591	822
DB03592	PMM
DB03593	G7M
DB03595	785
DB03596	SBB
DB03597	IBG
DB03598	INL
DB03599	SGC
DB03600	DKA
DB03601	DFV
DB03602	GSB
DB03603	GAE
DB03603	GKR
DB03603	LGT
DB03604	4HY
DB03605	153
DB03606	ROL
DB03607	CLB
DB03607	CLD
DB03608	BRN
DB03609	3DG
DB03610	FCR
DB03611	AMB
DB03612	3HC
DB03613	4CO
DB03614	B13
DB03614	CNC
DB03614	COB
DB03614	HCB
DB03614	PC3
DB03615	RIO
DB03616	KAB
DB03617	ABC
DB03618	NLC
DB03619	DXC
DB03621	587
DB03622	BBT
DB03623	9HP
DB03624	DAA
DB03624	DSD
DB03625	21V
DB03625	DDF
DB03625	L24
DB03626	340
DB03627	ADM
DB03628	IS2
DB03629	NOP
DB03630	IBZ
DB03631	TYY
DB03633	LPE
DB03634	EJT
DB03635	ESA
DB03636	GM1
DB03637	PG3
DB03638	CG2
DB03639	GC7
DB03640	999
DB03640	BH2
DB03640	BHD
DB03641	DUN
DB03642	2CA
DB03643	122
DB03643	BMZ
DB03643	CR4
DB03644	3HA
DB03645	PAH
DB03646	L2P
DB03647	IPC
DB03648	BL5
DB03649	CBQ
DB03650	LI7
DB03651	TNF
DB03652	ADA
DB03652	BDP
DB03652	BEM
DB03652	GCU
DB03652	GTR
DB03652	IDR
DB03652	LGU
DB03652	MAV
DB03652	X1X
DB03653	YF4
DB03654	PR3
DB03655	BCZ
DB03657	CR1
DB03658	AXL
DB03659	LYT
DB03660	IOY
DB03660	PHI
DB03661	00C
DB03661	OCS
DB03662	PY5
DB03663	MBP
DB03664	UP5
DB03666	ATM
DB03667	SCL
DB03668	BMQ
DB03669	4FA
DB03670	OTA
DB03671	DOG
DB03672	760
DB03673	TIH
DB03674	MMC
DB03675	DMV
DB03676	CAF
DB03677	CDU
DB03678	UNN
DB03680	TTN
DB03681	CFO
DB03681	CL
DB03682	DBF
DB03683	STN
DB03685	0U
DB03685	U
DB03685	U5P
DB03685	UAR
DB03686	GTB
DB03687	CDM
DB03688	3OH
DB03690	PCW
DB03691	R99
DB03691	RL2
DB03692	S1H
DB03693	CKI
DB03694	URS
DB03695	MXA
DB03696	LAN
DB03697	SAB
DB03699	SCA
DB03700	2TL
DB03700	ALO
DB03700	DTH
DB03700	THR
DB03702	FR1
DB03703	CXL
DB03704	12H
DB03705	680
DB03706	EPY
DB03707	PTU
DB03708	ADX
DB03709	BCN
DB03710	VIO
DB03711	LTL
DB03712	853
DB03714	TPI
DB03715	MYS
DB03717	XIL
DB03718	UP6
DB03719	NEC
DB03720	DBU
DB03721	SIA
DB03721	SLB
DB03722	DHQ
DB03723	18T
DB03723	1JB
DB03723	TRH
DB03724	XAA
DB03725	GCP
DB03726	P5P
DB03728	174
DB03730	39A
DB03732	ENP
DB03733	DCE
DB03734	HDL
DB03734	LLH
DB03734	XYH
DB03735	MDR
DB03737	FMD
DB03738	PCO
DB03739	FA6
DB03740	A2G
DB03740	BM3
DB03740	HSQ
DB03740	LXB
DB03740	LXZ
DB03740	NAA
DB03740	NAG
DB03740	NDG
DB03740	NGA
DB03740	NGZ
DB03741	SMB
DB03742	E4D
DB03744	700
DB03745	A5P
DB03745	DX5
DB03745	LXP
DB03746	DHS
DB03747	GNL
DB03747	NGT
DB03748	R23
DB03749	43P
DB03750	IVA
DB03751	DAU
DB03752	ISF
DB03753	FL2
DB03754	TRS
DB03755	ACQ
DB03756	HXA
DB03757	BAA
DB03758	RDI
DB03759	DNQ
DB03760	RED
DB03761	UFP
DB03763	5MD
DB03764	4HM
DB03765	C2P
DB03766	PPI
DB03767	BLN
DB03768	HBB
DB03769	DEA
DB03770	HGU
DB03771	R17
DB03772	DLG
DB03773	FCA
DB03773	FCB
DB03773	FUC
DB03773	FUL
DB03773	G6D
DB03773	RAM
DB03773	RM4
DB03773	XXR
DB03775	DTB
DB03777	BI1
DB03779	MYG
DB03780	AQO
DB03781	D1L
DB03782	AGB
DB03783	N4E
DB03784	ELD
DB03785	LVA
DB03787	DCS
DB03788	G24
DB03789	DMI
DB03790	OMT
DB03792	WBU
DB03793	BEZ
DB03794	FLA
DB03795	KPL
DB03796	PLM
DB03797	NDA
DB03798	0DC
DB03798	DC
DB03798	DCM
DB03798	DNR
DB03799	MF3
DB03800	DU
DB03800	UMP
DB03801	KCX
DB03802	AEJ
DB03803	MS3
DB03804	BTD
DB03807	6DE
DB03808	DID
DB03809	PU5
DB03810	LME
DB03810	MEG
DB03812	T1P
DB03812	T2P
DB03812	T4P
DB03812	T5P
DB03813	DAC
DB03814	MES
DB03815	FOC
DB03815	RNT
DB03816	2FM
DB03817	DAB
DB03818	TP2
DB03819	SHA
DB03820	HEL
DB03821	FGP
DB03822	EFS
DB03823	EGT
DB03824	IDI
DB03825	RHQ
DB03826	URN
DB03827	3PC
DB03828	299
DB03829	PSU
DB03830	PD8
DB03831	MPG
DB03832	OCB
DB03833	PTB
DB03835	GL9
DB03836	TCZ
DB03839	DTY
DB03839	TYR
DB03840	D3O
DB03840	DOD
DB03840	DOS
DB03840	DRU
DB03840	HOH
DB03840	IME
DB03840	LOS
DB03840	LRU
DB03840	O
DB03840	OH
DB03841	YSH
DB03843	FOR
DB03844	F6B
DB03845	Z5A
DB03847	CGU
DB03849	CIO
DB03850	JAS
DB03851	CRZ
DB03852	CNL
DB03853	RR6
DB03854	N2P
DB03855	TX4
DB03856	DMO
DB03857	MA1
DB03857	SSG
DB03858	CSA
DB03859	GS1
DB03859	YIO
DB03860	AOE
DB03861	IFG
DB03862	OXZ
DB03863	MXY
DB03863	MXZ
DB03864	SGM
DB03865	132
DB03866	PGX
DB03867	NIY
DB03868	DQA
DB03869	SSA
DB03870	KHO
DB03871	DOS
DB03871	DRU
DB03871	IME
DB03871	LOS
DB03871	LRU
DB03871	RU
DB03872	CDR
DB03874	SQA
DB03875	DRB
DB03875	LRB
DB03875	RFA
DB03875	RFB
DB03876	ESP
DB03877	AL4
DB03878	PRC
DB03879	MFB
DB03879	MFU
DB03879	RAO
DB03880	BAT
DB03882	AOM
DB03882	AON
DB03883	CRM
DB03884	PPY
DB03885	GGC
DB03886	BIO
DB03887	AAM
DB03888	R03
DB03889	GBP
DB03890	616
DB03891	INA
DB03892	ARV
DB03893	SND
DB03894	RSA
DB03895	MGR
DB03896	3PO
DB03897	HPP
DB03898	0UZ
DB03898	CHP
DB03899	PU4
DB03900	TBU
DB03901	CGN
DB03902	OXD
DB03902	OXL
DB03903	RHO
DB03904	URE
DB03905	SCO
DB03906	2FH
DB03908	BEI
DB03909	ACP
DB03910	3BT
DB03911	0MK
DB03911	ARA
DB03911	ARB
DB03911	HSY
DB03911	LDY
DB03911	LXC
DB03911	RIP
DB03911	XYP
DB03911	XYS
DB03912	PNS
DB03913	F42
DB03915	AKB
DB03916	WAI
DB03917	ETR
DB03918	BHS
DB03918	H4B
DB03919	MEC
DB03920	DAM
DB03921	PY1
DB03923	FRE
DB03924	MNY
DB03925	681
DB03926	AOM
DB03926	AON
DB03927	REY
DB03928	CCO
DB03929	DSN
DB03929	SER
DB03930	BGX
DB03931	GP3
DB03932	AAY
DB03933	ROM
DB03934	3ZZ
DB03934	GIX
DB03934	HE5
DB03934	HES
DB03934	MNH
DB03934	MNR
DB03936	N
DB03937	E4P
DB03938	P1C
DB03939	HPY
DB03940	OXM
DB03941	EPT
DB03942	PCP
DB03943	ASN
DB03943	DSG
DB03944	EMD
DB03945	PC
DB03946	DHB
DB03947	QDK
DB03947	RBL
DB03947	XUL
DB03948	CPR
DB03949	TI2
DB03950	SBR
DB03950	SBS
DB03951	16G
DB03951	BMX
DB03952	DBM
DB03952	TAL
DB03953	SCI
DB03955	DGJ
DB03955	DMJ
DB03955	NOJ
DB03956	I2P
DB03956	I3P
DB03956	I3S
DB03958	GTG
DB03959	SGN
DB03960	CZP
DB03961	CDI
DB03962	NBP
DB03963	CAS
DB03964	ATH
DB03967	SDS
DB03969	A3D
DB03970	WY2
DB03971	6SA
DB03972	STH
DB03973	T1P
DB03973	T2P
DB03973	T4P
DB03973	T5P
DB03974	HRG
DB03976	ISP
DB03977	M3L
DB03978	TYB
DB03979	DGG
DB03980	SB5
DB03982	794
DB03983	H2S
DB03983	MSS
DB03983	MTE
DB03983	PTT
DB03983	XAX
DB03984	C4P
DB03985	RAZ
DB03985	SAZ
DB03987	COQ
DB03988	LYN
DB03989	AFD
DB03989	ALL
DB03989	BGC
DB03989	BMA
DB03989	GAL
DB03989	GIV
DB03989	GL0
DB03989	GLA
DB03989	GLC
DB03989	GUP
DB03989	GXL
DB03989	MAN
DB03989	SHD
DB03990	LAM
DB03991	DAN
DB03992	DBZ
DB03993	4MV
DB03994	ETA
DB03995	BCD
DB03996	L47
DB03999	CCP
DB04000	BWD
DB04001	OAI
DB04002	STB
DB04003	CC0
DB04004	BHB
DB04005	UTP
DB04006	PM1
DB04007	WRB
DB04009	HDM
DB04010	BZC
DB04011	BBZ
DB04012	TST
DB04013	CRA
DB04014	ATU
DB04015	MPJ
DB04016	OHH
DB04017	MLG
DB04018	IPU
DB04020	MON
DB04021	MF2
DB04022	G4P
DB04023	GDX
DB04024	A3S
DB04026	PTO
DB04027	ARG
DB04027	DAR
DB04027	GND
DB04028	ABE
DB04028	PZU
DB04028	TYV
DB04029	NFA
DB04030	826
DB04031	D3O
DB04031	DOD
DB04031	HOH
DB04031	O
DB04031	OH
DB04031	SVA
DB04032	DBR
DB04033	ZAH
DB04034	5RP
DB04034	5SP
DB04034	HMS
DB04035	CB4
DB04036	COS
DB04037	CBT
DB04038	ERG
DB04039	LIM
DB04040	1DM
DB04041	NC1
DB04042	AHF
DB04043	CM2
DB04044	194
DB04045	MCA
DB04046	AMG
DB04046	GYP
DB04046	MBG
DB04046	MGL
DB04046	MMA
DB04047	HH2
DB04048	NCB
DB04049	CEI
DB04050	NPN
DB04051	5PV
DB04052	2MP
DB04053	PO2
DB04054	PU0
DB04055	BIN
DB04056	BE2
DB04057	MS1
DB04058	ING
DB04059	UI2
DB04060	MTR
DB04061	IGL
DB04062	FCA
DB04062	FCB
DB04062	FUC
DB04062	FUL
DB04062	G6D
DB04062	RAM
DB04062	RM4
DB04062	XXR
DB04063	2ML
DB04064	NGV
DB04065	CCB
DB04066	HC4
DB04067	4CA
DB04068	FUP
DB04069	DRG
DB04070	DEB
DB04071	PAD
DB04072	MIC
DB04073	15B
DB04073	J15
DB04074	KIV
DB04075	NLG
DB04077	GOL
DB04078	I4B
DB04079	HT3
DB04079	HTH
DB04079	HTO
DB04080	791
DB04081	MTS
DB04082	DEM
DB04083	LLP
DB04084	2FG
DB04084	G2F
DB04084	GAF
DB04084	MAF
DB04084	MBF
DB04084	SHG
DB04085	OPP
DB04086	DCB
DB04087	HPD
DB04088	418
DB04089	AL3
DB04090	RH1
DB04091	MFB
DB04091	MFU
DB04091	RAO
DB04093	UNA
DB04094	BUQ
DB04097	UFG
DB04098	BA1
DB04099	DND
DB04099	NXX
DB04100	CMO
DB04101	CK3
DB04102	2AD
DB04103	3MC
DB04104	ADK
DB04105	HPL
DB04107	T87
DB04108	AO1
DB04109	SBZ
DB04110	NCR
DB04112	INB
DB04113	FPI
DB04114	HUX
DB04115	BER
DB04116	LAK
DB04116	MLB
DB04117	DAK
DB04118	CZN
DB04119	TA0
DB04120	MCT
DB04121	G3D
DB04122	A6P
DB04122	BG6
DB04122	BGP
DB04122	G6P
DB04122	M6D
DB04122	M6P
DB04123	IPP
DB04124	MAU
DB04125	FD4
DB04126	E6C
DB04127	ABF
DB04127	HSX
DB04127	RP5
DB04128	LMZ
DB04129	HWD
DB04131	AKT
DB04132	GTX
DB04132	LEE
DB04133	CED
DB04135	FPY
DB04136	LPS
DB04137	GTP
DB04139	HPT
DB04140	BBH
DB04141	BHG
DB04141	JZR
DB04142	BB3
DB04143	IGP
DB04144	IMY
DB04145	PYF
DB04146	CZI
DB04147	LDA
DB04149	ROL
DB04150	IYT
DB04151	HIC
DB04152	IBC
DB04153	AHE
DB04154	CL3
DB04155	2FL
DB04156	08T
DB04156	DAQ
DB04156	F
DB04156	PNQ
DB04157	PHJ
DB04158	A4P
DB04160	DPO
DB04160	POP
DB04160	PPV
DB04161	ROP
DB04162	INI
DB04163	TQ3
DB04165	VPR
DB04166	BE2
DB04167	NLQ
DB04168	977
DB04169	DPZ
DB04170	BHI
DB04170	SBH
DB04171	DIV
DB04172	UKP
DB04173	FRU
DB04173	LFR
DB04173	PSV
DB04174	UDA
DB04175	CLI
DB04176	PMO
DB04177	DTX
DB04178	PC1
DB04179	BZF
DB04180	INW
DB04182	KRI
DB04183	DXX
DB04185	NVA
DB04186	1PU
DB04187	GPR
DB04187	GPS
DB04188	MD2
DB04189	CMA
DB04190	BEG
DB04191	PSI
DB04193	HSE
DB04194	CTO
DB04195	H2P
DB04196	APT
DB04196	PT1
DB04197	AHI
DB04199	HHG
DB04200	MAX
DB04202	HMO
DB04204	FEP
DB04205	THP
DB04207	SHR
DB04208	MPP
DB04209	DEQ
DB04212	NAK
DB04213	CPU
DB04214	4NP
DB04215	907
DB04216	QUE
DB04217	LPG
DB04218	1DA
DB04219	D3O
DB04219	DOD
DB04219	HOH
DB04219	O
DB04219	OH
DB04220	RIF
DB04221	10A
DB04222	SPS
DB04223	NRG
DB04224	ELA
DB04224	OLA
DB04225	MDH
DB04226	GAC
DB04227	9AM
DB04228	3FG
DB04228	D3P
DB04229	YMA
DB04230	NMX
DB04231	D3O
DB04231	DOD
DB04231	DOS
DB04231	DRU
DB04231	HOH
DB04231	IME
DB04231	LOS
DB04231	LRU
DB04231	O
DB04231	OH
DB04232	SPI
DB04233	C8E
DB04234	MYE
DB04235	VIG
DB04237	TAM
DB04238	FD1
DB04239	KMB
DB04240	DXA
DB04241	NMA
DB04242	PHB
DB04243	5MU
DB04244	I10
DB04248	38J
DB04248	B4G
DB04248	CT3
DB04248	CTR
DB04248	DXI
DB04248	MLR
DB04249	HE5
DB04249	HEC
DB04249	HES
DB04250	BCH
DB04252	NCD
DB04253	CB1
DB04254	PUX
DB04255	BEC
DB04256	MCG
DB04257	PAM
DB04258	EB1
DB04259	7MG
DB04260	HA1
DB04261	OUT
DB04262	RLP
DB04263	GET
DB04264	NHR
DB04264	NHS
DB04265	SIA
DB04265	SLB
DB04266	5YL
DB04266	INJ
DB04267	PDC
DB04268	UMG
DB04269	CTA
DB04270	YPA
DB04271	DEE
DB04272	CIT
DB04272	FLC
DB04273	LY1
DB04274	DDC
DB04275	ASE
DB04276	E64
DB04277	F6R
DB04277	TG6
DB04278	NMP
DB04279	IPM
DB04280	DDN
DB04281	AFI
DB04282	2FG
DB04282	G2F
DB04282	GAF
DB04282	MAF
DB04282	MBF
DB04282	SHG
DB04284	PBE
DB04285	P90
DB04286	0MK
DB04286	ARA
DB04286	ARB
DB04286	HSY
DB04286	LDY
DB04286	LXC
DB04286	RIP
DB04286	XYP
DB04286	XYS
DB04287	BHP
DB04288	I17
DB04289	GEQ
DB04290	CDC
DB04291	D4P
DB04291	GHP
DB04292	IAM
DB04294	PPC
DB04295	BZD
DB04296	ONL
DB04297	TSN
DB04298	NH1
DB04299	FUM
DB04299	MAE
DB04300	I4P
DB04302	TLM
DB04303	GCV
DB04303	GCW
DB04304	2Q2
DB04304	2UF
DB04304	CS2
DB04304	GCO
DB04306	TQ4
DB04307	RHP
DB04308	D4P
DB04308	GHP
DB04310	BB2
DB04311	PBN
DB04312	DFB
DB04313	2AS
DB04313	ACB
DB04314	1MC
DB04315	GDP
DB04316	INF
DB04316	LHY
DB04317	DCO
DB04319	FCA
DB04319	FCB
DB04319	FUC
DB04319	FUL
DB04319	G6D
DB04319	RAM
DB04319	RM4
DB04319	XXR
DB04320	BRP
DB04321	HEE
DB04322	21V
DB04322	DDF
DB04322	L24
DB04323	5CS
DB04324	OVA
DB04325	PEA
DB04326	13P
DB04327	3PE
DB04327	PEE
DB04327	PEH
DB04328	S3P
DB04329	ISQ
DB04330	434
DB04331	NAT
DB04332	ETE
DB04333	DIA
DB04334	TPQ
DB04335	NOS
DB04336	GP6
DB04337	MNC
DB04338	SB4
DB04339	CCS
DB04340	2PB
DB04341	GBI
DB04342	MXL
DB04343	GLV
DB04345	LUM
DB04346	PAV
DB04347	DHK
DB04348	TCH
DB04349	PGO
DB04349	PGR
DB04351	TRA
DB04352	ABF
DB04352	HSX
DB04352	RP5
DB04353	Q50
DB04355	GDU
DB04355	UFM
DB04355	UPG
DB04357	APT
DB04357	PT1
DB04359	VSO
DB04360	BZB
DB04361	HDN
DB04362	AHZ
DB04364	HBR
DB04364	HBS
DB04366	3AN
DB04368	BB1
DB04369	SBE
DB04370	CSU
DB04371	AL6
DB04372	DLP
DB04373	R36
DB04374	HST
DB04375	C2F
DB04375	THH
DB04376	PRB
DB04377	MAH
DB04378	R37
DB04380	1AL
DB04381	CRD
DB04382	2DG
DB04383	VOL
DB04385	CTD
DB04386	46M
DB04386	CEG
DB04389	IB2
DB04392	DTC
DB04393	DCN
DB04394	SG1
DB04395	A0P
DB04395	ANK
DB04395	ANP
DB04396	1LL
DB04396	TDG
DB04397	D3O
DB04397	DOD
DB04397	HOH
DB04397	O
DB04397	OH
DB04397	VG1
DB04398	2OP
DB04398	LAC
DB04400	HBI
DB04401	BTL
DB04404	AMI
DB04405	DEO
DB04406	PMC
DB04407	CK6
DB04408	CHR
DB04409	NTS
DB04410	PRA
DB04411	CLK
DB04414	6MO
DB04415	PHK
DB04416	MBS
DB04417	NPO
DB04418	2SA
DB04419	DNE
DB04419	NLE
DB04421	NAQ
DB04422	HCS
DB04423	B13
DB04423	HCB
DB04423	PC3
DB04424	RPR
DB04426	2F8
DB04426	MAG
DB04426	MGC
DB04427	VS4
DB04428	CL0
DB04428	CL7
DB04428	CLA
DB04428	D3O
DB04428	DOD
DB04428	HOH
DB04428	MSS
DB04428	MTE
DB04428	O
DB04428	OH
DB04428	PTT
DB04428	XAX
DB04429	DFL
DB04430	FTA
DB04432	623
DB04432	Z23
DB04433	0HZ
DB04433	ALJ
DB04434	460
DB04435	TTA
DB04436	YOF
DB04437	NPH
DB04438	BVP
DB04439	ACG
DB04440	PUR
DB04441	2FA
DB04444	AL
DB04444	ALF
DB04444	F
DB04445	HG
DB04445	HGI
DB04445	IOD
DB04446	ESX
DB04447	DTT
DB04447	DTU
DB04447	DTV
DB04448	24B
DB04449	HFL
DB04450	HTG
DB04452	NSC
DB04453	ARE
DB04454	ABA
DB04454	DBB
DB04454	UNK
DB04455	BET
DB04456	TAS
DB04457	0DG
DB04457	DG
DB04457	DGP
DB04457	P9G
DB04458	MS2
DB04459	DIC
DB04460	RPD
DB04460	RPL
DB04462	TBS
DB04463	AB3
DB04464	FME
DB04465	B2G
DB04465	CBI
DB04465	CBK
DB04465	LAT
DB04465	LBT
DB04465	MAB
DB04465	MAL
DB04465	N9S
DB04466	SRL
DB04467	PDA
DB04467	PDD
DB04467	PP3
DB04468	OHT
DB04469	4DE
DB04470	656
DB04471	PTI
DB04472	RPN
DB04473	FCA
DB04473	FCB
DB04473	FUC
DB04473	FUL
DB04473	G6D
DB04473	RAM
DB04473	RM4
DB04473	XXR
DB04474	2AN
DB04476	DB1
DB04477	TND
DB04478	572
DB04479	NID
DB04480	580
DB04481	3VB
DB04481	DTL
DB04481	MRY
DB04482	CMK
DB04483	2FG
DB04483	G2F
DB04483	GAF
DB04483	MAF
DB04483	MBF
DB04483	SHG
DB04484	PDH
DB04484	PHL
DB04485	LLT
DB04485	THM
DB04486	HHK
DB04487	MLE
DB04487	MLU
DB04488	H2A
DB04489	GEM
DB04491	DFP
DB04492	ASG
DB04492	NGK
DB04493	F6P
DB04493	P6P
DB04493	TA6
DB04494	D3O
DB04494	DOD
DB04494	HOH
DB04494	O
DB04494	OH
DB04494	OMO
DB04495	843
DB04496	RES
DB04497	A2R
DB04497	DVN
DB04499	RSO
DB04500	TYZ
DB04501	CAE
DB04502	VSC
DB04503	TP3
DB04504	XBB
DB04505	PU9
DB04508	WIA
DB04509	NLX
DB04510	3PG
DB04511	SMG
DB04512	PRZ
DB04513	WW7
DB04514	U2G
DB04515	MXY
DB04515	MXZ
DB04516	DG6
DB04518	CK5
DB04519	OCA
DB04520	TYP
DB04521	HAG
DB04522	SEP
DB04523	TCO
DB04524	MLC
DB04525	INX
DB04526	289
DB04526	GMH
DB04527	AHB
DB04528	DNF
DB04530	CME
DB04531	BCS
DB04533	2AC
DB04537	LTN
DB04538	2AS
DB04538	ACB
DB04539	GPF
DB04539	GPJ
DB04540	CLR
DB04541	GIO
DB04542	AZD
DB04543	AIQ
DB04544	CR6
DB04545	GIF
DB04545	IFM
DB04546	AD3
DB04547	BEE
DB04548	GC4
DB04549	IOC
DB04550	DOS
DB04550	DRU
DB04550	IME
DB04550	LOS
DB04550	LRU
DB04550	OS
DB04551	AFP
DB04551	FBP
DB04552	NFL
DB04553	2KT
DB04554	ABP
DB04555	CDF
DB04555	CDP
DB04556	SAF
DB04557	ACD
DB04559	PH3
DB04560	DSB
DB04561	AXP
DB04561	EQP
DB04562	TRC
DB04564	149
DB04564	LGC
DB04565	ST5
DB04566	I
DB04566	IMP
DB04568	AIS
DB04570	MXL
DB04573	E3O
DB04573	ESL
DB04577	007
DB04578	008
DB04580	12Q
DB04581	1BN
DB04582	1IQ
DB04583	201
DB04584	23F
DB04585	2BH
DB04586	2BR
DB04588	2DD
DB04590	346
DB04591	382
DB04592	3BB
DB04593	3CB
DB04594	3HG
DB04595	3IH
DB04596	46D
DB04597	46M
DB04597	CEG
DB04598	4AA
DB04599	4MP
DB04600	4TR
DB04601	4TZ
DB04602	5AA
DB04604	5ID
DB04605	5IQ
DB04606	5PI
DB04607	628
DB04608	824
DB04609	846
DB04610	87Y
DB04612	997
DB04613	9IN
DB04614	A1E
DB04614	A2E
DB04615	A1E
DB04615	A2E
DB04616	A8B
DB04617	A8N
DB04618	AAO
DB04619	AC0
DB04620	AC5
DB04622	AHN
DB04623	AKC
DB04624	AKV
DB04626	AM2
DB04627	ANU
DB04628	AO3
DB04629	AP8
DB04630	AS4
DB04631	AT5
DB04632	B11
DB04633	B33
DB04634	BBL
DB04636	BGT
DB04637	BHL
DB04638	BHQ
DB04639	BIF
DB04640	BIH
DB04641	BIK
DB04642	BN2
DB04643	BN3
DB04644	BN4
DB04645	BN5
DB04646	BNT
DB04647	BO9
DB04648	BPE
DB04649	BST
DB04650	BTN
DB04650	BTQ
DB04651	BTX
DB04652	C0R
DB04654	C1R
DB04655	C2M
DB04656	CA2
DB04657	CBE
DB04658	CGB
DB04659	CGT
DB04660	CH5
DB04661	CIS
DB04662	CK9
DB04663	CKP
DB04664	CM5
DB04665	COU
DB04669	CT8
DB04672	D4M
DB04674	DIU
DB04676	DNS
DB04677	DPK
DB04678	DR2
DB04680	DR4
DB04680	XNS
DB04681	DR5
DB04683	DR9
DB04684	DRE
DB04685	DUX
DB04687	DZZ
DB04688	ECG
DB04689	EHA
DB04690	EHD
DB04692	ENB
DB04693	ESR
DB04695	FPS
DB04696	GA9
DB04697	GAH
DB04698	GAJ
DB04699	GBL
DB04700	GSF
DB04701	GSM
DB04702	GST
DB04704	HC2
DB04704	HCD
DB04705	HC3
DB04706	HCR
DB04707	HFS
DB04708	HH1
DB04709	HYQ
DB04710	I12
DB04711	IDB
DB04712	IDE
DB04712	NHV
DB04713	IOY
DB04713	PHI
DB04714	IPE
DB04715	IYZ
DB04716	IZA
DB04717	JS4
DB04718	JS5
DB04719	K25
DB04720	K37
DB04721	K44
DB04722	L17
DB04723	L98
DB04725	LCF
DB04726	LFN
DB04728	LIV
DB04729	LLL
DB04731	LSP
DB04732	M1N
DB04733	F2P
DB04733	M2P
DB04734	MEZ
DB04735	MGE
DB04736	MLD
DB04737	MNN
DB04737	MXN
DB04739	MPZ
DB04740	MX1
DB04741	MYX
DB04742	NCF
DB04743	NIM
DB04745	OCH
DB04746	ODD
DB04747	ODT
DB04748	OIS
DB04749	OPS
DB04750	ORE
DB04751	P01
DB04753	P1D
DB04754	P1G
DB04756	P2C
DB04757	P2G
DB04758	P5B
DB04759	PB3
DB04760	PB4
DB04761	PB5
DB04762	PDG
DB04762	PGU
DB04762	PPE
DB04763	PIU
DB04764	PM2
DB04765	PMG
DB04767	PSM
DB04768	PYI
DB04769	QYT
DB04770	R6C
DB04771	RA4
DB04772	RA8
DB04774	RGA
DB04776	RMC
DB04777	RNO
DB04777	SNO
DB04778	SC5
DB04779	SEH
DB04780	SFT
DB04781	SHO
DB04782	RNO
DB04782	SNO
DB04783	SPX
DB04784	SS1
DB04784	SS2
DB04786	SVR
DB04787	T98
DB04788	TGT
DB04789	C2F
DB04789	THH
DB04790	TL1
DB04791	TL2
DB04791	TL4
DB04792	TL3
DB04793	TL2
DB04793	TL4
DB04794	TMI
DB04795	TTF
DB04796	TX5
DB04797	TZY
DB04798	U1K
DB04799	UHD
DB04800	UN3
DB04801	VCA
DB04806	XMM
DB04807	XTG
DB04808	XXX
DB04813	B1T
DB04815	CQL
DB04816	CHZ
DB04817	NA
DB04819	CL
DB04828	ZOM
DB04834	BR
DB04835	MRV
DB04836	CL
DB04839	CA4
DB04851	CIT
DB04851	FLC
DB04864	HUP
DB04865	HMT
DB04866	HFG
DB04868	NIL
DB04869	3N6
DB04874	CL
DB04874	ND4
DB04874	NH3
DB04874	NH4
DB04874	PT
DB04876	LF7
DB04887	385
DB04891	VD1
DB04933	E55
DB04933	NA
DB04936	FUD
DB04936	LTG
DB04936	PSJ
DB04936	SDD
DB04936	SOL
DB04936	TAG
DB04942	A80
DB04960	JAN
DB04961	LTT
DB04972	CL
DB04996	ACT
DB04996	ACY
DB04996	CL
DB04996	HAI
DB04996	ND4
DB04996	NH3
DB04996	NH4
DB04996	PT4
DB05076	FEN
DB05083	T27
DB05088	H2S
DB05088	MO
DB05105	W11
DB05109	ECT
DB05137	L0B
DB05137	LOB
DB05143	NA
DB05186	3RX
DB05186	RWZ
DB05229	NA
DB05245	AG
DB05248	CBV
DB05251	1UN
DB05260	GA
DB05260	NO3
DB05262	141
DB05266	AVL
DB05289	FLP
DB05289	FLR
DB05291	LQZ
DB05294	ZD6
DB05295	ED9
DB05295	OCC
DB05296	ACT
DB05296	ACY
DB05302	CL
DB05314	3EV
DB05314	VDX
DB05316	SRT
DB05316	TAR
DB05316	TLA
DB05339	CL
DB05340	NA
DB05347	AC2
DB05366	2S0
DB05381	CL
DB05381	HSM
DB05382	I2I
DB05383	AGU
DB05383	CL
DB05384	AKR
DB05389	D3O
DB05389	DOD
DB05389	HOH
DB05389	O
DB05389	OH
DB05389	OXY
DB05398	D9G
DB05398	LDA
DB05428	ACT
DB05428	ACY
DB05428	GD3
DB05436	SC2
DB05446	AHE
DB05461	CL
DB05461	D3O
DB05461	DOD
DB05461	HOH
DB05461	O
DB05461	OH
DB05478	03S
DB05488	CPF
DB05492	NP1
DB05494	AR3
DB05494	CTN
DB05508	CL
DB05630	D3O
DB05630	DOD
DB05630	HOH
DB05630	NA
DB05630	O
DB05630	OH
DB05630	SB
DB05665	HU5
DB05708	CL
DB05708	ZY7
DB05738	CL
DB05790	CL
DB05792	CL
DB05812	AER
DB05837	CL
DB05871	UC1
DB05884	2N5
DB05891	CL
DB05891	HSM
DB06147	YTZ
DB06151	SC2
DB06203	T22
DB06216	FUM
DB06216	MAE
DB06218	AMJ
DB06228	RIV
DB06290	30B
DB06292	D3O
DB06292	DOD
DB06292	HOH
DB06292	O
DB06292	OH
DB06292	PGO
DB06292	PGR
DB06335	BJM
DB06402	CL
DB06414	65B
DB06605	GG2
DB06614	BCZ
DB06616	DB8
DB06637	4AP
DB06689	ELA
DB06689	ETA
DB06689	OLA
DB06693	114
DB06700	29J
DB06703	GD3
DB06705	D3O
DB06705	DOD
DB06705	GD3
DB06705	HOH
DB06705	NA
DB06705	O
DB06705	OH
DB06715	IOD
DB06715	K
DB06723	AL
DB06723	D3O
DB06723	DOD
DB06723	HOH
DB06723	O
DB06723	OH
DB06728	ANL
DB06731	405
DB06731	408
DB06768	2OP
DB06768	LAC
DB06768	ND4
DB06768	NH3
DB06768	NH4
DB06770	010
DB06777	IU5
DB06777	JN3
DB06817	RLT
DB06828	00G
DB06829	024
DB06830	028
DB06831	039
DB06832	041
DB06833	047
DB06834	057
DB06835	059
DB06836	093
DB06837	099
DB06838	0A9
DB06839	0AG
DB06840	0AY
DB06841	0G7
DB06842	0MO
DB06843	103
DB06844	107
DB06845	10U
DB06846	115
DB06847	11F
DB06848	11M
DB06849	11N
DB06850	11U
DB06851	11X
DB06852	12C
DB06853	12U
DB06854	130
DB06854	780
DB06855	133
DB06855	950
DB06856	134
DB06857	136
DB06858	13U
DB06859	14A
DB06860	14C
DB06861	157
DB06862	159
DB06864	164
DB06865	166
DB06866	167
DB06867	16P
DB06868	16U
DB06869	177
DB06870	17H
DB06871	17M
DB06872	181
DB06873	183
DB06874	185
DB06875	196
DB06876	199
DB06877	19A
DB06878	19U
DB06879	1A2
DB06880	1AD
DB06881	1AE
DB06882	1AU
DB06883	1AW
DB06884	1BA
DB06885	1BD
DB06886	1BH
DB06887	1C2
DB06887	ENT
DB06888	1CD
DB06889	1CE
DB06890	1CM
DB06891	1CN
DB06892	1CX
DB06893	1DB
DB06894	1DO
DB06896	1FN
DB06897	1FR
DB06898	1HP
DB06899	1IG
DB06900	1JZ
DB06901	1NB
DB06902	1OH
DB06903	1PL
DB06905	1ZN
DB06905	MFD
DB06906	204
DB06907	205
DB06908	208
DB06909	20A
DB06910	216
DB06911	21U
DB06912	220
DB06913	221
DB06914	224
DB06915	226
DB06916	228
DB06917	22F
DB06918	22M
DB06919	22U
DB06920	230
DB06921	235
DB06922	23C
DB06923	23M
DB06924	23N
DB06925	242
DB06926	243
DB06926	HO2
DB06927	244
DB06928	24I
DB06929	24U
DB06930	251
DB06931	252
DB06932	253
DB06933	255
DB06934	269
DB06935	26C
DB06936	26U
DB06937	272
DB06938	276
DB06939	277
DB06940	279
DB06941	27A
DB06942	27U
DB06943	283
DB06944	292
DB06945	294
DB06946	295
DB06947	29U
DB06948	2A6
DB06949	2BC
DB06950	2BE
DB06951	2BL
DB06952	2C2
DB06953	2C5
DB06954	2C7
DB06955	2CC
DB06956	2D7
DB06957	2D9
DB06958	2E1
DB06959	2EA
DB06960	2ED
DB06961	2EQ
DB06962	2FF
DB06963	2FR
DB06964	2GG
DB06965	2HR
DB06965	2HS
DB06966	2HR
DB06966	2HS
DB06967	2IG
DB06968	2IH
DB06969	2KL
DB06970	2LG
DB06971	2NI
DB06972	2O7
DB06973	2OH
DB06974	2PD
DB06976	2PU
DB06977	2PY
DB06978	2RB
DB06979	2RD
DB06980	2S2
DB06981	2S3
DB06982	2S8
DB06983	2SC
DB06984	2SK
DB06985	2T1
DB06986	2TH
DB06987	2TN
DB06988	2TY
DB06989	2UN
DB06990	302
DB06991	304
DB06992	311
DB06993	315
DB06994	317
DB06995	319
DB06996	31U
DB06997	320
DB06998	322
DB06999	324
DB07000	325
DB07001	327
DB07002	328
DB07003	329
DB07004	32A
DB07005	32U
DB07006	330
DB07007	332
DB07008	333
DB07009	338
DB07010	33A
DB07011	342
DB07012	344
DB07013	347
DB07014	34O
DB07015	34Q
DB07016	34T
DB07017	352
DB07018	357
DB07019	35A
DB07020	35F
DB07021	361
DB07022	367
DB07023	368
DB07024	371
DB07025	373
DB07026	37A
DB07027	37U
DB07028	388
DB07029	391
DB07030	393
DB07031	394
DB07031	961
DB07032	397
DB07033	39Z
DB07034	3A3
DB07035	3AC
DB07036	3AS
DB07037	3B3
DB07038	3B4
DB07039	3B6
DB07040	3B8
DB07041	3B9
DB07042	3BA
DB07043	3BD
DB07044	3BE
DB07045	3BK
DB07046	3BM
DB07047	3CA
DB07048	3CC
DB07049	3CZ
DB07050	D8W
DB07051	3DE
DB07052	3DH
DB07053	3EA
DB07054	3FP
DB07055	3G3
DB07056	3G4
DB07057	3GV
DB07058	3HT
DB07059	3IG
DB07060	3IL
DB07061	3LP
DB07062	3MS
DB07063	3NA
DB07064	3QC
DB07065	3SC
DB07066	3TH
DB07067	3TP
DB07068	3UN
DB07069	3XH
DB07070	401
DB07071	412
DB07072	417
DB07073	41A
DB07074	421
DB07075	422
DB07076	426
DB07077	427
DB07078	43A
DB07079	440
DB07080	444
DB07081	448
DB07082	44B
DB07083	44U
DB07084	451
DB07085	452
DB07086	458
DB07087	459
DB07088	45U
DB07089	462
DB07090	468
DB07091	46U
DB07092	474
DB07093	47D
DB07094	492
DB07095	49U
DB07096	4AN
DB07097	4BB
DB07098	4BE
DB07099	4BG
DB07100	4BH
DB07101	4BM
DB07101	5Y0
DB07102	4BQ
DB07103	4BR
DB07104	4BS
DB07105	4CP
DB07106	4DI
DB07107	4EA
DB07108	4FC
DB07109	4FE
DB07110	4FP
DB07111	4HD
DB07112	4HG
DB07113	4IG
DB07114	4MB
DB07115	4MD
DB07116	4MF
DB07117	4MR
DB07118	4MU
DB07119	4NA
DB07120	4ND
DB07121	4NH
DB07122	4PG
DB07123	4PI
DB07124	4PY
DB07125	4RB
DB07126	4SP
DB07127	4UN
DB07128	501
DB07129	505
DB07130	509
DB07131	50U
DB07132	517
DB07133	51U
DB07134	521
DB07135	524
DB07136	528
DB07137	529
DB07138	52P
DB07139	53N
DB07140	53R
DB07141	53S
DB07142	53T
DB07143	53U
DB07144	52V
DB07144	53V
DB07145	541
DB07146	547
DB07147	550
DB07148	552
DB07149	553
DB07150	555
DB07151	55E
DB07152	55F
DB07153	55V
DB07154	565
DB07155	566
DB07156	575
DB07157	578
DB07158	582
DB07159	585
DB07160	59A
DB07161	5B2
DB07162	5B3
DB07163	5BN
DB07164	5BP
DB07165	5CB
DB07167	5CN
DB07168	5CP
DB07169	5EE
DB07170	5F1
DB07171	5HD
DB07172	5HE
DB07173	5I5
DB07174	5IG
DB07175	5MS
DB07176	5NS
DB07177	5OP
DB07178	5PP
DB07179	5SC
DB07180	5Z5
DB07181	605
DB07182	606
DB07183	608
DB07184	612
DB07185	617
DB07186	626
DB07187	62P
DB07188	641
DB07189	642
DB07190	64U
DB07191	65B
DB07192	665
DB07193	677
DB07194	685
DB07195	689
DB07196	692
DB07197	694
DB07198	697
DB07199	698
DB07200	699
DB07201	6BD
DB07202	6C3
DB07203	6CP
DB07204	6EA
DB07205	6IA
DB07206	6IP
DB07207	6NH
DB07208	6OB
DB07209	6OC
DB07210	6SC
DB07211	701
DB07212	709
DB07213	710
DB07215	735
DB07216	736
DB07217	738
DB07218	73Q
DB07219	73V
DB07220	740
DB07221	742
DB07222	744
DB07223	74M
DB07224	75V
DB07225	76V
DB07226	770
DB07227	778
DB07228	77A
DB07229	783
DB07230	789
DB07231	78A
DB07232	3GN
DB07232	78P
DB07233	792
DB07234	793
DB07235	796
DB07236	797
DB07237	798
DB07238	79Z
DB07239	7AC
DB07240	7BD
DB07241	7CK
DB07242	7CP
DB07243	7CS
DB07244	7IG
DB07245	7IP
DB07246	7MR
DB07247	7NH
DB07248	7PY
DB07249	7X1
DB07250	7X2
DB07251	7X3
DB07252	7X4
DB07253	7X5
DB07254	7X6
DB07255	7X7
DB07256	7X8
DB07257	809
DB07258	80A
DB07259	80G
DB07260	812
DB07261	815
DB07262	817
DB07263	825
DB07264	82A
DB07265	839
DB07266	83H
DB07267	855
DB07268	859
DB07269	864
DB07270	870
DB07271	872
DB07272	877
DB07273	885
DB07274	887
DB07275	888
DB07276	893
DB07277	894
DB07278	895
DB07279	896
DB07280	89I
DB07281	8AP
DB07282	8BD
DB07283	8CA
DB07284	8IP
DB07285	8MR
DB07286	8NH
DB07287	8PC
DB07288	8ST
DB07289	910
DB07290	915
DB07291	928
DB07292	92G
DB07293	959
DB07294	394
DB07294	961
DB07295	968
DB07296	973
DB07297	979
DB07298	982
DB07299	995
DB07300	9BD
DB07301	9CA
DB07302	9HO
DB07303	9IP
DB07304	A04
DB07305	A05
DB07306	A11
DB07307	A17
DB07308	A18
DB07309	A19
DB07310	A21
DB07311	A25
DB07312	A37
DB07313	A41
DB07314	A42
DB07315	A46
DB07316	A49
DB07317	A51
DB07318	A55
DB07319	A56
DB07320	A58
DB07321	A74
DB07322	A75
DB07323	A84
DB07324	A91
DB07325	A94
DB07326	A96
DB07327	AAA
DB07328	AAF
DB07329	AAH
DB07330	AAI
DB07331	AAN
DB07332	AAP
DB07333	AAX
DB07334	AAZ
DB07335	ABJ
DB07336	ABO
DB07337	ABZ
DB07338	ACJ
DB07339	AD1
DB07340	AD5
DB07341	AD7
DB07342	AD8
DB07343	ADB
DB07344	AE4
DB07345	AED
DB07346	AEH
DB07347	AES
DB07348	AFB
DB07349	AGA
DB07350	AGE
DB07351	AGF
DB07352	AGI
DB07353	AHT
DB07354	AI3
DB07355	AI7
DB07356	AIA
DB07357	AIG
DB07358	AJB
DB07359	AJI
DB07360	AK1
DB07361	AK2
DB07362	AK3
DB07363	AL5
DB07364	ALH
DB07365	ALN
DB07366	ALZ
DB07367	AM3
DB07367	LGS
DB07368	AM4
DB07369	AM8
DB07370	AMF
DB07371	AN1
DB07372	AN3
DB07373	ANB
DB07374	ANM
DB07375	5SD
DB07375	ANO
DB07376	ANS
DB07377	AO5
DB07378	AOG
DB07379	AP9
DB07380	APF
DB07381	APG
DB07382	APJ
DB07383	APL
DB07384	APP
DB07385	ARH
DB07387	ASF
DB07388	AT2
DB07389	AT6
DB07390	ATT
DB07391	ATX
DB07392	ATZ
DB07393	AUP
DB07394	AUR
DB07395	AVE
DB07396	AVF
DB07397	AXA
DB07398	AXX
DB07400	AZL
DB07401	AZO
DB07402	AZQ
DB07403	AZX
DB07404	B08
DB07405	B14
DB07406	B18
DB07407	B21
DB07408	B23
DB07409	B28
DB07410	B29
DB07411	B2F
DB07412	B2Y
DB07413	B32
DB07414	B34
DB07415	B35
DB07416	B3H
DB07418	B4N
DB07419	B5R
DB07420	B65
DB07421	B66
DB07422	B67
DB07423	B68
DB07424	B70
DB07424	K
DB07425	B72
DB07426	B76
DB07427	B77
DB07428	B78
DB07429	B82
DB07430	B97
DB07431	B98
DB07432	NP6
DB07433	BAF
DB07434	BAN
DB07435	BAP
DB07435	BPA
DB07436	BAS
DB07437	BAU
DB07439	BBB
DB07440	BBS
DB07441	BC1
DB07443	BCE
DB07444	BD4
DB07445	BDE
DB07446	BDL
DB07447	BDT
DB07447	DHT
DB07448	37B
DB07448	BEY
DB07449	BFB
DB07450	BFI
DB07451	BFU
DB07452	BGU
DB07453	BHF
DB07454	BHM
DB07455	BHY
DB07456	BI2
DB07456	BI4
DB07457	BI3
DB07458	BI2
DB07458	BI4
DB07459	BI5
DB07460	BI9
DB07461	BIC
DB07462	BIE
DB07463	BIG
DB07464	BJH
DB07465	BJM
DB07466	BJP
DB07467	BL1
DB07468	BL4
DB07469	BL6
DB07470	BL7
DB07471	BLZ
DB07472	BM1
DB07473	BM5
DB07474	BMI
DB07475	BO2
DB07476	BOS
DB07477	BP4
DB07478	BP7
DB07479	BPI
DB07479	BPJ
DB07480	BPM
DB07481	BPQ
DB07482	BPR
DB07483	BPS
DB07484	BPX
DB07485	BPZ
DB07486	BQM
DB07487	BR3
DB07488	BRK
DB07489	BRQ
DB07490	BRS
DB07491	BRV
DB07492	BRX
DB07493	BRY
DB07494	BS1
DB07495	BSM
DB07496	BSU
DB07497	BTI
DB07498	BTO
DB07499	BTZ
DB07500	BVL
DB07501	BWP
DB07501	BYP
DB07502	BXZ
DB07503	BYM
DB07504	BWP
DB07504	BYP
DB07505	BZN
DB07506	BZS
DB07507	C00
DB07508	C02
DB07509	C08
DB07510	C0E
DB07511	C16
DB07512	C17
DB07513	C18
DB07514	C19
DB07515	C1D
DB07516	C1E
DB07517	C1F
DB07518	C26
DB07519	C27
DB07520	C28
DB07521	C2D
DB07522	C3M
DB07524	C4E
DB07525	C4F
DB07526	C4H
DB07527	C4M
DB07528	C52
DB07529	C53
DB07530	C5D
DB07531	C62
DB07532	C6L
DB07533	C75
DB07534	C85
DB07535	C8C
DB07536	C90
DB07537	C92
DB07538	C94
DB07539	C95
DB07540	C96
DB07541	C9P
DB07542	CAL
DB07543	CAU
DB07544	CBC
DB07545	CC3
DB07546	CCK
DB07547	CCT
DB07548	CDA
DB07549	CDB
DB07550	CDD
DB07551	CEB
DB07551	CET
DB07552	CEB
DB07552	CET
DB07553	CF3
DB07555	CFQ
DB07556	CGS
DB07557	CI2
DB07558	CIB
DB07559	CIH
DB07560	CII
DB07561	CJH
DB07562	CK8
DB07563	CKE
DB07564	CKR
DB07565	CL8
DB07567	CM4
DB07568	CM6
DB07569	CM9
DB07570	CMF
DB07571	CMQ
DB07572	CMW
DB07573	CMZ
DB07574	CN2
DB07575	COR
DB07577	CP7
DB07578	CP9
DB07579	CPJ
DB07580	CPK
DB07581	CPV
DB07582	CPX
DB07583	CQP
DB07584	CQU
DB07585	CQW
DB07586	CRI
DB07587	CRJ
DB07588	CRR
DB07589	CRV
DB07590	CS4
DB07591	CT0
DB07592	CT1
DB07593	CT2
DB07594	CT5
DB07595	CT6
DB07596	CTF
DB07597	CTL
DB07597	TTL
DB07598	CX6
DB07599	CXB
DB07601	CXZ
DB07602	CY0
DB07603	CYK
DB07604	CZA
DB07605	D01
DB07606	D05
DB07607	D13
DB07608	D15
DB07609	D1G
DB07610	D1N
DB07611	D1T
DB07612	D23
DB07613	D25
DB07614	D26
DB07615	D27
DB07616	D28
DB07617	D2G
DB07618	D31
DB07619	D3E
DB07620	D3F
DB07621	D3G
DB07622	D42
DB07623	D4G
DB07624	D4N
DB07625	D55
DB07626	D56
DB07627	D5G
DB07628	D8G
DB07629	D92
DB07629	D93
DB07630	D92
DB07630	D93
DB07631	D9G
DB07632	D9Z
DB07633	DA8
DB07634	DBA
DB07635	DBE
DB07636	DBT
DB07637	DBY
DB07638	DC8
DB07639	DCH
DB07640	DCQ
DB07641	DCX
DB07642	DD1
DB07643	DD2
DB07644	DD3
DB07645	DEC
DB07646	DET
DB07647	DF1
DB07648	DF2
DB07649	DF9
DB07650	DFD
DB07651	DFM
DB07652	DFT
DB07653	DFW
DB07654	DFY
DB07655	DFZ
DB07656	DGB
DB07657	DHG
DB07658	DI2
DB07659	DI4
DB07660	DI5
DB07661	DIN
DB07662	DJK
DB07663	DK2
DB07664	DKI
DB07665	DKK
DB07666	DLI
DB07667	DMB
DB07668	DMC
DB07669	DMW
DB07670	DMZ
DB07671	DNT
DB07672	DP4
DB07674	DPJ
DB07675	DRF
DB07676	DRK
DB07677	DRL
DB07678	DRQ
DB07679	DRS
DB07680	DRX
DB07681	DSC
DB07683	DSV
DB07684	DSY
DB07685	DT1
DB07686	DT2
DB07687	DT4
DB07688	DT5
DB07689	DVP
DB07690	DXC
DB07691	DY6
DB07692	DYY
DB07693	DZ1
DB07694	DZ2
DB07695	DZ3
DB07696	DZE
DB07697	DZG
DB07698	DZO
DB07700	E04
DB07701	E20
DB07702	E3O
DB07702	ESL
DB07703	E4H
DB07704	E89
DB07705	ECL
DB07705	ECN
DB07706	ECS
DB07707	EED
DB07708	EES
DB07710	EG3
DB07711	EH9
DB07712	EI1
DB07713	EIN
DB07713	FIN
DB07714	ELI
DB07715	EMO
DB07716	ENE
DB07717	ENM
DB07718	ENO
DB07719	1C2
DB07719	ENT
DB07720	EPJ
DB07721	EPL
DB07722	EPN
DB07723	ET0
DB07724	ET1
DB07726	EYK
DB07728	F10
DB07729	F13
DB07730	F16
DB07731	F18
DB07732	F19
DB07733	F1G
DB07734	F1H
DB07735	F1I
DB07736	F1J
DB07737	F1K
DB07738	F1L
DB07739	F21
DB07741	F25
DB07742	F2B
DB07743	F3F
DB07745	F6F
DB07746	F77
DB07747	F83
DB07748	F9F
DB07749	FAF
DB07750	FAL
DB07750	FBL
DB07751	FAP
DB07751	FCP
DB07752	FAR
DB07753	FBC
DB07754	FBD
DB07755	FAL
DB07755	FBL
DB07756	FBQ
DB07757	FBR
DB07758	FC2
DB07759	FC3
DB07760	FCF
DB07761	FAP
DB07761	FCP
DB07762	FDI
DB07763	FDN
DB07764	FDS
DB07765	FE1
DB07766	FEF
DB07767	FER
DB07768	FFA
DB07768	TES
DB07769	FHM
DB07770	FIH
DB07771	FII
DB07772	EIN
DB07772	FIN
DB07773	FIP
DB07775	FL9
DB07776	FLN
DB07778	FMX
DB07779	FPB
DB07780	FPP
DB07781	FPT
DB07782	FQP
DB07783	FR4
DB07784	FRA
DB07785	FRC
DB07786	FRL
DB07787	FRQ
DB07788	1FM
DB07788	FRR
DB07789	FRS
DB07790	FRT
DB07791	FRV
DB07792	FRX
DB07793	FRY
DB07794	FRZ
DB07795	FSE
DB07796	FSN
DB07797	FTC
DB07798	FTS
DB07800	FXA
DB07801	FXG
DB07802	G12
DB07803	G14
DB07804	G15
DB07805	G1L
DB07806	G23
DB07807	G27
DB07808	G30
DB07809	G44
DB07810	G50
DB07811	G6A
DB07812	G95
DB07813	GA0
DB07814	GA3
DB07815	GA4
DB07816	GAS
DB07817	GAX
DB07818	GB4
DB07819	GB5
DB07820	GCA
DB07821	GD7
DB07821	GD8
DB07822	GD7
DB07822	GD8
DB07823	GF1
DB07824	GF4
DB07825	GF7
DB07826	GFA
DB07827	GG1
DB07829	GG5
DB07830	GGO
DB07831	GIN
DB07832	GK1
DB07833	GK3
DB07834	GK4
DB07835	GK5
DB07836	GLE
DB07837	GMG
DB07838	GN8
DB07839	GNF
DB07840	GQL
DB07841	GRG
DB07842	GRR
DB07843	GS5
DB07844	GS6
DB07845	GS7
DB07846	GSG
DB07847	GSK
DB07848	GSQ
DB07849	GT9
DB07850	GTC
DB07851	GVB
DB07852	GVC
DB07853	GVD
DB07854	GVI
DB07855	GVJ
DB07856	GVK
DB07857	GVN
DB07857	GVO
DB07858	GVN
DB07858	GVO
DB07859	GVP
DB07860	GVQ
DB07861	GVR
DB07862	GW3
DB07863	GW9
DB07864	GWB
DB07865	GZ2
DB07866	H11
DB07867	H12
DB07868	H16
DB07869	H18
DB07870	H1L
DB07871	H20
DB07872	H22
DB07873	H23
DB07874	H24
DB07875	H25
DB07876	H52
DB07877	H64
DB07878	H7J
DB07879	HA3
DB07880	HAB
DB07881	HAL
DB07882	HAZ
DB07883	HBC
DB07884	HBQ
DB07885	HBY
DB07886	HCY
DB07887	HDB
DB07888	HDI
DB07889	HDY
DB07890	HE1
DB07891	HE7
DB07892	HEF
DB07893	HEP
DB07894	HF1
DB07895	HFP
DB07896	HHH
DB07897	HHO
DB07898	HI5
DB07899	HIN
DB07900	HLE
DB07901	HM2
DB07902	HM4
DB07903	HM5
DB07905	HMY
DB07906	HNT
DB07907	HOC
DB07908	HOM
DB07909	HOP
DB07910	HPH
DB07911	HPK
DB07912	HPO
DB07913	HPQ
DB07914	HPX
DB07914	HPZ
DB07915	HPX
DB07915	HPZ
DB07916	HQC
DB07917	HQL
DB07918	HQO
DB07919	HRM
DB07920	HS4
DB07921	HS6
DB07922	HS7
DB07923	BOG
DB07923	HSG
DB07923	HSH
DB07923	HSJ
DB07924	BOG
DB07924	HSG
DB07924	HSH
DB07924	HSJ
DB07925	HSP
DB07926	HTA
DB07927	HTC
DB07928	HTF
DB07929	HWG
DB07930	HXD
DB07931	HXS
DB07932	HZ3
DB07933	I0G
DB07934	I11
DB07935	I15
DB07936	I19
DB07937	I24
DB07939	I38
DB07940	I40
DB07941	I45
DB07942	I46
DB07943	I47
DB07944	I48
DB07945	I4A
DB07946	I50
DB07947	I5S
DB07949	IAA
DB07950	IAC
DB07951	IAD
DB07952	IAG
DB07953	IAV
DB07954	IBM
DB07955	IBR
DB07956	ICL
DB07957	ICU
DB07958	IDA
DB07959	IDZ
DB07960	IEM
DB07961	IET
DB07962	IFA
DB07963	IFB
DB07964	IH6
DB07965	IHE
DB07966	IHH
DB07967	IHI
DB07968	IHU
DB07969	IHX
DB07970	IHZ
DB07971	II2
DB07972	II4
DB07973	IID
DB07974	IIE
DB07975	ILB
DB07976	ILC
DB07977	ILF
DB07978	ILH
DB07979	IM3
DB07980	IM4
DB07981	IM8
DB07981	IMS
DB07982	IM9
DB07983	IMM
DB07984	IM8
DB07984	IMS
DB07985	IN4
DB07986	IN7
DB07987	IN8
DB07988	IN9
DB07989	INC
DB07990	INK
DB07990	POT
DB07991	IOK
DB07992	IOS
DB07993	IP6
DB07994	IP7
DB07995	IQB
DB07996	IQP
DB07997	IQS
DB07999	ITA
DB08000	ITB
DB08001	IX1
DB08003	IZD
DB08004	IZZ
DB08005	J07
DB08006	J4Z
DB08007	J54
DB08008	J5Z
DB08009	J60
DB08010	J67
DB08011	J72
DB08012	J77
DB08013	J78
DB08014	J80
DB08015	J88
DB08016	JCL
DB08017	JEN
DB08018	JI3
DB08019	JI7
DB08020	JJ3
DB08021	JK3
DB08022	JN5
DB08023	JNF
DB08024	JNH
DB08025	JNK
DB08026	JNO
DB08027	JPR
DB08028	JST
DB08029	JT5
DB08030	JT6
DB08031	JTP
DB08032	K01
DB08033	K02
DB08034	K05
DB08035	K10
DB08036	K2C
DB08037	K30
DB08038	K7I
DB08039	K88
DB08040	KEL
DB08041	KI2
DB08042	KIM
DB08043	KIN
DB08044	KIQ
DB08045	KJ2
DB08046	KLT
DB08047	KN1
DB08048	KN2
DB08049	KOM
DB08050	KPV
DB08051	KR2
DB08052	KS1
DB08053	KS4
DB08054	KS5
DB08055	KSF
DB08056	KSL
DB08057	KSM
DB08058	KU8
DB08059	KWT
DB08060	KY1
DB08061	L02
DB08062	L03
DB08063	L05
DB08064	L09
DB08065	L0D
DB08066	L0F
DB08067	L0G
DB08067	L0I
DB08068	L11
DB08069	L13
DB08070	L15
DB08071	L18
DB08072	L1R
DB08073	L20
DB08074	L21
DB08075	L22
DB08076	L23
DB08077	L35
DB08078	L41
DB08079	L5G
DB08080	LAB
DB08081	LAE
DB08082	LAZ
DB08083	LC1
DB08084	LDT
DB08085	LEG
DB08086	LEH
DB08087	LG7
DB08088	LGB
DB08089	LGD
DB08090	AM3
DB08090	LGS
DB08091	LI2
DB08092	LI3
DB08093	LI4
DB08094	LIA
DB08095	LIB
DB08096	LID
DB08097	LIE
DB08098	LIT
DB08099	LIY
DB08100	LJ1
DB08101	LJ2
DB08102	LJ3
DB08103	LJ4
DB08104	LJ5
DB08105	LK1
DB08105	LK2
DB08106	LK1
DB08106	LK2
DB08107	LK3
DB08108	LK4
DB08109	LK5
DB08110	LK7
DB08111	LKG
DB08112	LKM
DB08113	LL1
DB08114	LL2
DB08115	LLG
DB08116	LN1
DB08118	LOI
DB08119	LPF
DB08120	LPM
DB08121	LRG
DB08122	LS1
DB08123	LS2
DB08124	LS3
DB08125	LS4
DB08126	LS5
DB08127	LSR
DB08128	LT3
DB08129	LT5
DB08130	LUG
DB08131	LYD
DB08132	LZ2
DB08133	LZ3
DB08134	LZ4
DB08135	LZ5
DB08136	LZ7
DB08137	LZ8
DB08138	LZ9
DB08139	LZB
DB08140	LZC
DB08141	LZD
DB08142	LZE
DB08143	LZG
DB08144	LZJ
DB08145	LZK
DB08146	LZL
DB08147	LZQ
DB08148	M03
DB08149	M04
DB08150	M05
DB08151	M08
DB08152	M18
DB08153	M1S
DB08154	M22
DB08155	M25
DB08156	M28
DB08157	M29
DB08158	M2F
DB08158	NFG
DB08159	M38
DB08160	M3C
DB08161	M5P
DB08162	M77
DB08163	M8E
DB08164	MA9
DB08165	MAJ
DB08166	MB9
DB08167	MBT
DB08168	MCM
DB08169	MD7
DB08170	MDW
DB08171	MDX
DB08172	MDY
DB08173	ME1
DB08174	ME5
DB08175	MEI
DB08176	MFG
DB08177	MFM
DB08178	MFR
DB08179	MGI
DB08180	MGM
DB08181	MHB
DB08182	MHR
DB08183	MI1
DB08184	MI2
DB08185	MIA
DB08186	MIB
DB08187	MIN
DB08188	MKC
DB08190	ML2
DB08191	MMG
DB08192	MN8
DB08193	MNP
DB08194	MO8
DB08195	MO9
DB08196	MOB
DB08197	MOJ
DB08198	MOY
DB08199	MP2
DB08200	MPA
DB08200	MPC
DB08201	MPA
DB08201	MPC
DB08202	MPX
DB08203	MQU
DB08204	MR2
DB08205	MR4
DB08206	MR5
DB08207	MR6
DB08208	MRA
DB08209	MRE
DB08210	MRK
DB08211	MRX
DB08212	MSD
DB08213	MSI
DB08214	MSR
DB08215	MST
DB08216	MTB
DB08218	MTW
DB08219	MTZ
DB08220	MUF
DB08221	MUH
DB08222	MUP
DB08223	MUV
DB08224	MVB
DB08226	MXP
DB08227	MXT
DB08228	MXX
DB08229	MY1
DB08230	MYF
DB08231	MYR
DB08232	N1H
DB08233	N20
DB08234	N22
DB08235	N23
DB08236	N24
DB08237	N2G
DB08238	N2M
DB08239	N2T
DB08240	N3P
DB08241	N41
DB08242	N4D
DB08244	N4T
DB08245	N5I
DB08246	N5T
DB08247	N69
DB08248	N76
DB08249	N8E
DB08250	N9H
DB08251	NA4
DB08252	NAB
DB08254	NAS
DB08255	NB1
DB08256	NC3
DB08257	NC4
DB08258	NC6
DB08259	NC7
DB08260	NCW
DB08261	NCZ
DB08262	NDD
DB08263	NDF
DB08264	NDH
DB08265	NDT
DB08266	NE6
DB08267	NE8
DB08268	NEZ
DB08270	NFT
DB08271	NGH
DB08272	NHL
DB08273	NIP
DB08274	NIU
DB08275	NLT
DB08276	DAE
DB08276	F
DB08276	MNQ
DB08276	NMQ
DB08276	ONP
DB08277	NN1
DB08278	NN2
DB08279	NN3
DB08280	NN4
DB08281	NNB
DB08282	NNC
DB08283	NND
DB08284	NNI
DB08285	NNN
DB08286	NOA
DB08287	NOQ
DB08288	NOR
DB08289	NOX
DB08291	NP2
DB08292	NP4
DB08292	NP5
DB08293	NP4
DB08293	NP5
DB08294	NPA
DB08295	NP
DB08295	NPC
DB08296	NPE
DB08297	NPF
DB08298	NPS
DB08298	NPX
DB08299	NPV
DB08300	NPZ
DB08301	NR2
DB08302	NRO
DB08303	NS3
DB08304	NS6
DB08305	NS7
DB08306	NST
DB08307	NTD
DB08308	NTH
DB08309	NU5
DB08310	NVC
DB08312	NW1
DB08313	NZO
DB08314	OA1
DB08315	OA2
DB08316	OA3
DB08317	OA4
DB08318	OA5
DB08319	OBP
DB08320	ODE
DB08321	N8V
DB08321	OEV
DB08322	OFF
DB08323	OHM
DB08324	OHN
DB08325	OLP
DB08326	OLU
DB08327	OMD
DB08328	OPI
DB08329	OSP
DB08330	OST
DB08332	OX1
DB08333	OX3
DB08334	OX4
DB08335	OX5
DB08336	OX6
DB08336	OX7
DB08337	OX6
DB08337	OX7
DB08338	P04
DB08339	P16
DB08340	P19
DB08341	P1E
DB08342	P1L
DB08344	P21
DB08345	P29
DB08346	P2N
DB08347	P32
DB08348	P34
DB08349	P37
DB08350	P3Y
DB08351	P40
DB08352	P41
DB08353	P44
DB08354	P45
DB08355	P49
DB08356	P4A
DB08357	P4G
DB08358	P4O
DB08359	P4T
DB08360	P55
DB08361	P5C
DB08362	P63
DB08363	P83
DB08364	P89
DB08365	P91
DB08366	P9A
DB08367	PA6
DB08368	PAY
DB08368	TA8
DB08369	PB2
DB08370	PBB
DB08371	DFF
DB08371	PBF
DB08372	PC0
DB08373	PCB
DB08374	PCS
DB08376	PD7
DB08377	PDE
DB08377	PNE
DB08378	PDM
DB08379	PDZ
DB08381	PEY
DB08382	PF2
DB08383	PF4
DB08384	PF6
DB08385	PF7
DB08386	PF8
DB08387	PF9
DB08388	PFD
DB08389	PFH
DB08390	PFI
DB08391	PFJ
DB08392	PFP
DB08393	PFQ
DB08394	PGG
DB08395	PGJ
DB08397	PIC
DB08398	PIQ
DB08399	PIT
DB08400	PIX
DB08401	PL7
DB08402	PLB
DB08403	PLH
DB08404	PM4
DB08405	PM5
DB08406	PMD
DB08407	PMN
DB08408	PN5
DB08409	PNB
DB08410	PNC
DB08411	PDE
DB08411	PNE
DB08412	PNF
DB08413	PNP
DB08414	PNU
DB08416	PO1
DB08418	POF
DB08419	INK
DB08419	POT
DB08420	PPB
DB08422	PPX
DB08423	PQA
DB08424	PQB
DB08426	PR2
DB08427	PRE
DB08429	PS4
DB08430	PSG
DB08431	PSK
DB08432	PST
DB08433	PSY
DB08434	AY0
DB08435	PTG
DB08436	PU6
DB08437	PUY
DB08438	PVC
DB08439	PXB
DB08440	PXX
DB08441	PY8
DB08442	PY9
DB08443	PYU
DB08444	PZ2
DB08445	PZF
DB08446	PZL
DB08447	PZZ
DB08448	Q22
DB08449	Q74
DB08450	QIG
DB08451	QMS
DB08453	QNO
DB08454	QPP
DB08457	R22
DB08458	R88
DB08459	R8D
DB08460	R8E
DB08461	RB1
DB08462	RBS
DB08463	RC8
DB08463	SLQ
DB08464	RDA
DB08465	RDE
DB08466	RE2
DB08467	RE9
DB08468	REF
DB08469	RF1
DB08470	RF2
DB08471	RF3
DB08472	RFX
DB08472	SFX
DB08473	RFZ
DB08474	RHS
DB08475	RIL
DB08475	SIL
DB08476	RIN
DB08477	RIV
DB08478	RJ1
DB08479	RJ6
DB08480	RM2
DB08481	RNA
DB08482	RO4
DB08484	ROK
DB08485	RP4
DB08486	RQ3
DB08487	RRP
DB08488	RRR
DB08489	RRS
DB08490	RS1
DB08491	RS2
DB08492	RS7
DB08493	RSS
DB08494	RT3
DB08495	RTR
DB08497	RXB
DB08498	RXC
DB08499	RXD
DB08500	S06
DB08501	S10
DB08502	S11
DB08503	S13
DB08504	S14
DB08505	S17
DB08506	S23
DB08507	S27
DB08508	S2D
DB08509	S57
DB08510	S5H
DB08511	S60
DB08512	S79
DB08513	S91
DB08514	S98
DB08515	SA1
DB08516	SAG
DB08517	SAK
DB08519	SAV
DB08520	SB1
DB08521	SB2
DB08522	SB6
DB08523	SB7
DB08524	SB8
DB08525	SB9
DB08526	SBA
DB08527	SBC
DB08528	SBN
DB08529	SC0
DB08530	SC3
DB08531	SC8
DB08532	SC9
DB08533	SCE
DB08534	SCF
DB08535	SCJ
DB08536	SCQ
DB08537	SCW
DB08538	SCX
DB08539	SCZ
DB08540	SD8
DB08541	SDN
DB08542	SDT
DB08543	SDZ
DB08544	RFX
DB08544	SFX
DB08545	SH4
DB08546	SHY
DB08547	SIH
DB08548	RIL
DB08548	SIL
DB08549	SK2
DB08550	SKA
DB08551	SM2
DB08552	SM3
DB08553	SM5
DB08554	SN0
DB08555	SNB
DB08556	SNH
DB08557	SNX
DB08558	SOG
DB08559	SOX
DB08560	SP0
DB08561	SP6
DB08562	SPB
DB08564	SR2
DB08565	SRB
DB08565	SRD
DB08566	SRB
DB08566	SRD
DB08567	SRE
DB08568	SS3
DB08569	SS4
DB08570	ST1
DB08571	ST2
DB08572	ST8
DB08573	STC
DB08574	STF
DB08575	STS
DB08576	STX
DB08577	SU1
DB08578	SX2
DB08579	SX3
DB08580	SX4
DB08581	SX5
DB08582	SX6
DB08583	SX7
DB08584	SX8
DB08585	SXH
DB08586	SXO
DB08587	SXX
DB08588	SY1
DB08589	SYR
DB08590	T12
DB08591	T1D
DB08592	T27
DB08593	T2D
DB08594	T2M
DB08595	T3O
DB08596	T3S
DB08597	TAK
DB08598	TB9
DB08599	TBL
DB08600	TBO
DB08601	TBY
DB08602	TC8
DB08603	TCK
DB08604	TCL
DB08605	TDB
DB08606	TDI
DB08607	TDZ
DB08608	TF1
DB08609	TF2
DB08610	TF3
DB08611	TF5
DB08612	TFC
DB08613	TFG
DB08614	TFK
DB08615	TFL
DB08617	TFQ
DB08618	TGN
DB08619	TH2
DB08620	TH4
DB08621	TH8
DB08622	THK
DB08623	THN
DB08624	THZ
DB08626	TIO
DB08627	TL5
DB08628	TL6
DB08629	TLX
DB08631	TMJ
DB08632	TMM
DB08634	TNK
DB08635	TNS
DB08636	TOH
DB08637	TOM
DB08639	TPB
DB08640	TPX
DB08641	TPY
DB08642	TQD
DB08643	TR1
DB08644	TRL
DB08645	TRU
DB08646	TRW
DB08647	TRZ
DB08648	TSA
DB08649	TSC
DB08650	TSA
DB08651	TSP
DB08652	TSR
DB08653	TSS
DB08654	CTL
DB08654	TTL
DB08655	TTR
DB08656	TTT
DB08657	TUI
DB08658	TUN
DB08659	TUO
DB08660	TXQ
DB08661	TXS
DB08662	U01
DB08663	U03
DB08664	U04
DB08665	U05
DB08666	U12
DB08667	U13
DB08668	U14
DB08669	U15
DB08670	U16
DB08671	U19
DB08672	U1N
DB08673	U32
DB08674	U49
DB08676	U66
DB08677	U73
DB08678	UA5
DB08679	UC1
DB08680	UC2
DB08681	UC3
DB08682	UC4
DB08683	UCM
DB08684	UDT
DB08685	UFO
DB08686	UIN
DB08687	UN9
DB08688	UOC
DB08689	UQ1
DB08690	UQ2
DB08691	V25
DB08692	V35
DB08692	V36
DB08693	V35
DB08693	V36
DB08694	VAR
DB08695	VC3
DB08696	VD1
DB08697	VG2
DB08698	VGA
DB08699	VGG
DB08700	VGH
DB08700	VHS
DB08701	VGI
DB08702	VII
DB08703	VIN
DB08704	VPU
DB08705	VRV
DB08706	VRX
DB08707	VX1
DB08708	VX2
DB08709	VX3
DB08710	VXR
DB08711	VXX
DB08712	VZZ
DB08713	W01
DB08714	W02
DB08715	W03
DB08717	W22
DB08718	W29
DB08719	W33
DB08720	W35
DB08721	W42
DB08722	W43
DB08723	W54
DB08724	W56
DB08725	W59
DB08726	W71
DB08727	W84
DB08727	W8R
DB08728	W91
DB08729	WAN
DB08730	WBT
DB08731	WH6
DB08732	WR1
DB08733	WR2
DB08734	WRA
DB08737	WST
DB08738	X98
DB08739	X99
DB08740	XAO
DB08741	I2H
DB08741	XCF
DB08742	XE4
DB08743	XIH
DB08744	XM5
DB08745	XMJ
DB08746	XMK
DB08747	XND
DB08748	XP1
DB08749	XX4
DB08750	XXZ
DB08751	XY2
DB08752	Y11
DB08753	Y12
DB08754	Y13
DB08755	Y15
DB08756	Y27
DB08757	YE6
DB08758	YE7
DB08759	YML
DB08760	YRG
DB08761	YTT
DB08762	ZAF
DB08763	ZAP
DB08764	ZD6
DB08765	ZEC
DB08766	ZED
DB08767	ZHZ
DB08768	ZIP
DB08770	ZMA
DB08771	ZMG
DB08772	ZST
DB08773	ZTW
DB08774	ZY6
DB08776	ZYQ
DB08777	ZYR
DB08778	ZYS
DB08779	ZYT
DB08780	ZYU
DB08781	ZYW
DB08782	ZYX
DB08783	ZYZ
DB08784	ZZ0
DB08785	ZZ1
DB08786	ZZ2
DB08787	ZZ4
DB08788	ZZ5
DB08789	ZZ6
DB08790	ZZA
DB08791	ZZY
DB08797	OHB
DB08800	C4C
DB08809	TF4
DB08831	2DG
DB08834	TUD
DB08836	CL
DB08837	NET
DB08838	AG2
DB08844	8HX
DB08844	URC
DB08846	REF
DB08847	HYP
DB08847	HZP
DB08864	T27
DB08865	VGH
DB08865	VHS
DB08873	HU5
DB08877	RXT
DB08878	04J
DB08881	032
DB08882	356
DB08884	GD3
DB08884	NA
DB08901	0LI
DB08906	GW6
DB08910	Y70
DB08913	CL
DB08915	RO7
DB08916	0WM
DB08930	DLU
DB08938	D3O
DB08938	DOD
DB08938	HOH
DB08938	O
DB08938	OH
DB08944	CIT
DB08944	FLC
DB08954	QEL
DB08959	HXS
DB08967	03S
DB08978	BR
DB08986	CL
DB08989	2DL
DB08990	CL
DB09015	K
DB09028	C5E
